hidden_size,num_layers,learning_rate,num_epochs,rmse,mae,r2,avg_epoch_time,epoch_times,epoch_losses
32,2,0.05,30,181.95819,127.37523,-0.06908613443374634,18.339536714553834,"[18.292619228363037, 18.48014211654663, 18.277063608169556, 18.464521646499634, 18.183336973190308]","[109278.4910482215, 35929.8898502, 35929.35296564227, 35935.06596234584, 35928.81688187112]"
32,2,0.01,30,180.7922,128.8473,-0.05616825819015503,18.277051067352296,"[18.355107307434082, 18.19895577430725, 18.339550018310547, 18.277063608169556, 18.21457862854004]","[383009.9957861755, 35924.0513538877, 35910.00239036593, 35907.487858268374, 35912.89529418945]"
32,2,0.005,30,181.01204,128.85788,-0.05958747863769531,18.342161893844604,"[18.40203547477722, 18.23020100593567, 18.355170726776123, 18.448899745941162, 18.120845794677734, 18.495818614959717]","[670616.489399073, 66326.81174958742, 35903.282117285584, 35903.57434468498, 35906.24472992076, 35907.42421392582]"
32,2,0.001,30,180.85121,128.57553,-0.05625075101852417,18.34381348436529,"[18.386403799057007, 18.292617559432983, 18.308364391326904, 18.30829954147339, 18.41765260696411, 18.480200052261353, 18.198887825012207, 18.370786666870117, 18.417651653289795, 18.198951244354248, 18.402132987976074]","[1252366.1771629367, 854613.9298836654, 562440.536431325, 349609.1917324816, 194215.16050593613, 93781.83389801958, 45453.869698470335, 36006.99072092381, 35919.74219749484, 35905.49944335404, 35910.28975880719]"
32,2,0.0005,30,181.12355,128.53499,-0.06030547618865967,18.17464852333069,"[18.355166912078857, 18.19895052909851, 18.855109691619873, 18.183268308639526, 17.917763710021973, 18.7300763130188, 18.02711033821106, 18.027113676071167, 18.605103969573975, 17.980309009552002, 18.323859214782715, 18.011491298675537, 17.902140140533447, 18.198946475982666, 17.93338394165039, 17.83965516090393, 18.198949098587036, 17.855275630950928]","[1366580.9639055678, 1136879.9925968887, 935974.5775962063, 763190.5221069868, 617525.0358385644, 494898.7347715953, 388266.52561024495, 296046.3026768047, 218048.76449385064, 154319.25911422796, 104667.24554256789, 68943.29316651457, 46870.84584731723, 37387.05713237113, 35920.7092887512, 35901.39245765386, 35903.4595111697, 35901.50965541523]"
32,2,0.0001,30,632.63007,484.9888,-9.136673927307129,18.264282441139223,"[17.964627027511597, 18.46451187133789, 17.886512517929077, 18.69882893562317, 18.24580454826355, 18.027108192443848, 18.87072730064392, 17.73023509979248, 17.90213680267334, 18.972013235092163, 18.105148553848267, 18.339534759521484, 18.63634204864502, 18.167699575424194, 18.636343240737915, 18.24580669403076, 18.683204650878906, 18.698827743530273, 18.089590787887573, 17.948994874954224, 18.71444582939148, 17.824023246765137, 18.18340253829956, 18.386310338974, 17.88651156425476, 18.277047872543335, 18.011479377746582, 17.948997497558594, 18.417637586593628, 17.964618921279907]","[1466558.715219023, 1415232.2246008462, 1365312.2719022925, 1316566.1386974617, 1269002.5005799672, 1222573.6804380459, 1177272.9334487582, 1133235.0215781932, 1090288.2643200736, 1048514.3752899836, 1007918.003164233, 968430.3518610125, 930193.1764635644, 893079.156992017, 857100.5670544486, 822293.5300047762, 788652.7679533979, 756134.1034218068, 724782.425167167, 694617.9964178493, 665535.3845907819, 637591.6332090952, 610738.2356159594, 584866.3224063524, 559781.6789923921, 535397.1071702716, 511618.9713811749, 488418.8594133802, 465807.60308064957, 443762.91054431634]"
32,2,5e-05,30,895.9684,729.7018,-19.655302047729492,18.225490887959797,"[17.995860815048218, 18.636337757110596, 17.792847394943237, 18.54254412651062, 18.105268955230713, 17.917688846588135, 18.792550086975098, 18.07396149635315, 18.058342695236206, 18.948762893676758, 17.902129411697388, 18.120826482772827, 18.74568510055542, 17.980236053466797, 18.464574098587036, 18.10513162612915, 18.011478900909424, 18.511361598968506, 18.152071952819824, 17.917750120162964, 18.7457492351532, 18.15200114250183, 17.995916604995728, 18.44880986213684, 17.98023295402527, 18.245795726776123, 18.277038097381592, 17.855259895324707, 18.355145931243896, 17.933366775512695]","[1479876.1884893558, 1453608.0550115993, 1427993.338496179, 1402711.4239731168, 1377689.3867358079, 1352982.8419589247, 1328591.8140693232, 1304472.984869678, 1280623.7649938592, 1257044.639755049, 1233831.631840202, 1210895.2702391513, 1188225.4801872952, 1165849.5597963291, 1143758.8863093613, 1121948.0344483487, 1100479.1046499726, 1079268.312005322, 1058342.1401047353, 1037714.5560094842, 1017388.0647686954, 997343.4151797899, 977572.2232618041, 958145.8375324099, 939018.8945994815, 920147.5328960835, 901558.1481219296, 883275.0449133461, 865276.0554721616, 847583.1466549536]"
32,2,1e-05,30,1197.7775,1077.6901,-38.238285064697266,18.32076463699341,"[17.886435508728027, 18.917515993118286, 18.323901414871216, 18.073960542678833, 18.40200972557068]","[1491581.898573963, 1485242.5294418668, 1480022.8366368723, 1474794.7809088428, 1469594.239987036]"
32,3,0.05,30,180.17905,129.64005,-0.04883450269699097,19.50800266265869,"[19.011244535446167, 19.46426510810852, 19.47988224029541, 20.042253732681274, 19.542367696762085]","[109182.20671781182, 35929.888041933555, 35928.40360423259, 35941.149511212345, 35931.93906119401]"
32,3,0.01,30,180.98755,128.49818,-0.05805087089538574,20.465545654296875,"[21.0576434135437, 19.479883193969727, 21.198235988616943, 21.323207139968872, 19.268758535385132]","[382499.59542566823, 35928.518202469335, 35908.14174442208, 35918.64192939325, 35910.50006969735]"
32,3,0.005,30,180.9362,128.92131,-0.05856817960739136,19.4251967271169,"[19.245494842529297, 20.135982990264893, 19.214317321777344, 19.72982621192932, 19.33928942680359, 18.886269569396973]","[671775.4770806325, 66443.61141448042, 35908.08909040559, 35905.596969671125, 35909.72232442131, 35914.17926425184]"
32,3,0.001,30,180.79514,128.61212,-0.055503785610198975,19.352061791853473,"[19.526683807373047, 18.964372158050537, 19.370527267456055, 19.32366633415222, 19.073723554611206, 19.66733455657959, 19.15182852745056, 19.042479038238525, 20.011005401611328, 19.026926040649414, 19.7141330242157]","[1251562.388808338, 854105.3528674264, 562084.1830265762, 349245.60245164094, 193966.8663676566, 93640.80503612001, 45422.84673352637, 36009.012120675834, 35907.69176872953, 35901.4518820417, 35914.0716264883]"
32,3,0.0005,30,180.9275,128.62637,-0.05754739046096802,19.590089639027912,"[19.292354106903076, 19.120652437210083, 20.26088285446167, 19.104966163635254, 19.932897329330444, 19.667333126068115, 19.276795864105225, 20.385915756225586, 19.292417287826538, 19.792302131652832, 19.807985067367554, 19.22987151145935, 20.214141368865967, 19.22987174987793, 19.339281797409058, 19.80792498588562, 19.15182399749756, 19.71419596672058]","[1366430.0693231442, 1136703.5585340476, 935745.5079574918, 762911.9395384144, 617191.677678937, 494594.20328704966, 388009.906800116, 295787.3996230213, 217880.70351093408, 154156.52501961653, 104564.48821834914, 68869.88825449048, 46859.672613018985, 37381.672917261916, 35926.05365803148, 35905.32654821404, 35901.571260677156, 35901.440635980995]"
32,3,0.0001,30,632.43256,484.8453,-9.130455017089844,19.551982871691386,"[19.37052631378174, 19.07371735572815, 19.932894229888916, 19.261168718338013, 19.71425771713257, 19.307969331741333, 19.19868540763855, 20.104727745056152, 18.917500734329224, 19.370521068572998, 19.964133739471436, 19.136265754699707, 20.214008569717407, 19.276792526245117, 19.10502004623413, 20.354607343673706, 19.24554944038391, 20.057860374450684, 19.526731491088867, 19.245546102523804, 20.16720747947693, 19.18306064605713, 19.776732444763184, 19.85472083091736, 19.30803108215332, 20.20604109764099, 19.323654413223267, 19.24554419517517, 19.886022806167603, 19.229987144470215]","[1465868.428595797, 1414543.7984102075, 1364671.2098116812, 1315914.9924433678, 1268364.1775040939, 1221959.9650740311, 1176693.1992784524, 1132624.5229172353, 1089701.2573519377, 1047974.5518473663, 1007375.0563250546, 967944.2081570688, 929691.3969022926, 892596.9108726801, 856620.7524733897, 821828.1796363264, 788233.2728745906, 755734.0086056906, 724423.9511292303, 694249.7314239902, 665171.8218775587, 637279.6896151747, 610434.7115004094, 584574.7987129844, 559510.1942378548, 535115.3747313387, 511338.9991641648, 488136.95733402704, 465530.4085400177, 443515.9114270606]"
32,3,5e-05,30,895.96814,729.3323,-19.651968002319336,19.61836998462677,"[19.745426416397095, 19.08927083015442, 19.167438745498657, 20.073474884033203, 19.292407035827637, 19.917261838912964, 19.54235029220581, 19.245540618896484, 20.182824850082397, 19.19867992401123, 19.432998657226562, 19.917261600494385, 19.33927631378174, 20.18281841278076, 19.308027267456055, 19.5892117023468, 20.0109920501709, 19.49548363685608, 20.0578510761261, 19.542346477508545, 19.511104822158813, 20.12033772468567, 19.417436361312866, 19.885956287384033, 19.511101961135864, 19.308026552200317, 19.83915400505066, 19.354888677597046, 19.54241371154785, 19.729736804962158]","[1479552.4991982805, 1453363.2720387555, 1427752.4262588702, 1402501.9603916486, 1377505.873669487, 1352823.4493722708, 1328425.0932723798, 1304311.0744916757, 1280480.8023164575, 1256945.5280431223, 1233715.2631430812, 1210761.745360262, 1188108.3795715065, 1165756.2089587883, 1143644.499402975, 1121906.6389277428, 1100415.8917678767, 1079193.1662885507, 1058290.4369115038, 1037693.7173256687, 1017353.5758392467, 997330.718639124, 977598.8638782752, 958159.567259143, 938994.960084607, 920143.7653094296, 901602.837643286, 883308.5067293259, 865299.0002217522, 847598.5636769923]"
32,3,1e-05,30,1197.3925,1077.1266,-38.212005615234375,19.607954692840575,"[19.339202404022217, 19.854853868484497, 19.479783058166504, 19.76104211807251, 19.604892015457153]","[1490662.4742767466, 1484328.0307894377, 1479093.6459811681, 1473887.753684498, 1468705.6007607805]"
32,4,0.05,30,180.62646,129.2186,-0.054660260677337646,20.688951349258424,"[20.24530291557312, 21.2606942653656, 20.307854413986206, 21.057592153549194, 20.573312997817993]","[108947.0739579513, 35930.01179304498, 35925.43297880081, 35936.2194519043, 35932.77168087356]"
32,4,0.01,30,180.99664,128.5393,-0.05835205316543579,20.563968563079833,"[20.479565143585205, 21.01083278656006, 20.37019395828247, 20.745250940322876, 20.21399998664856]","[382696.69912879646, 35926.93427406544, 35907.1616366857, 35909.313052248224, 35912.702647246646]"
32,4,0.005,30,180.71332,129.40567,-0.056503117084503174,20.575944741566975,"[20.745120763778687, 20.588974714279175, 20.15163516998291, 21.120038509368896, 20.182818174362183, 20.667081117630005]","[671751.9783791621, 66481.74213712601, 35908.09685426404, 35910.64542372258, 35906.66990068594, 35913.926584835135]"
32,4,0.001,30,180.97006,128.55887,-0.05798906087875366,20.41351936080239,"[20.292096376419067, 20.135953903198242, 20.932642459869385, 20.04935383796692, 20.682700872421265, 20.46400475502014, 20.13594889640808, 20.80767297744751, 20.0734703540802, 20.713940858840942, 20.26092767715454]","[1251899.4448348798, 854382.5848031522, 562318.8257539574, 349422.9300563762, 194120.98710958823, 93731.67285422779, 45436.398343148714, 36006.386328551445, 35902.072245768584, 35901.81246588428, 35902.99708443854]"
32,4,0.0005,30,180.9075,128.6061,-0.05720645189285278,20.54730757077535,"[20.604522943496704, 20.698317289352417, 20.245299816131592, 21.32317304611206, 20.307783365249634, 20.682697057724, 20.698317766189575, 20.198434829711914, 21.120095014572144, 20.214054822921753, 20.557727098464966, 20.54210352897644, 20.167193174362183, 21.010748386383057, 20.167190551757812, 20.495234966278076, 20.65145230293274, 20.167190313339233]","[1366807.169674536, 1137084.5542866404, 936266.0574508733, 763454.4159943027, 617855.5504528861, 495186.4199389329, 388531.57946617424, 296225.1096863059, 218230.82248737718, 154416.92549020026, 104796.00055011599, 69071.23206259382, 46955.92847212746, 37409.43804158706, 35921.25893665297, 35902.56376761224, 35904.89068217049, 35901.605225542226]"
32,4,0.0001,30,632.74585,485.05884,-9.140225410461426,20.51918927828471,"[21.104475736618042, 20.19843077659607, 20.479616165161133, 20.089081048965454, 20.182811975479126, 20.823286056518555, 20.151572227478027, 20.682690858840942, 20.354650497436523, 20.073457717895508, 21.291988134384155, 20.073400497436523, 20.917012214660645, 20.167189598083496, 20.12032413482666, 21.354408264160156, 20.167248964309692, 21.010680675506592, 20.41713237762451, 20.167248964309692, 21.151282787322998, 20.151556253433228, 21.0419819355011, 20.27653670310974, 20.245293855667114, 21.010740518569946, 20.339022874832153, 20.93262529373169, 20.323398113250732, 20.276533126831055]","[1467097.9782171124, 1415733.4024119815, 1365817.8192378548, 1317088.8600402565, 1269456.4866266376, 1223040.3171823826, 1177764.7507676037, 1133603.2333259415, 1090712.6996963702, 1048925.6089400246, 1008289.814939274, 968828.1391409661, 930536.8969193505, 893390.1777429039, 857419.1662373772, 822606.6852824781, 788929.2457099481, 756411.4305915666, 725070.0626535207, 694852.3256004367, 665781.7284815093, 637828.2195048103, 610926.0792039096, 585059.2239782342, 559982.9619097981, 535593.2268226324, 511788.44483914436, 488600.62935401883, 465959.1941227142, 443910.3706971547]"
32,4,5e-05,30,895.8902,729.2211,-19.64712905883789,20.49972588221232,"[20.57327437400818, 20.24529004096985, 20.692643642425537, 20.182804822921753, 20.37026071548462, 20.542096853256226, 20.276533603668213, 20.823280096054077, 20.229669094085693, 20.72955298423767, 20.698307275772095, 20.182804584503174, 20.995113134384155, 20.182802438735962, 20.729551315307617, 20.760793447494507, 20.089075088500977, 20.88576340675354, 20.135942220687866, 20.46398687362671, 20.47960662841797, 19.995346069335938, 21.15132999420166, 20.214045524597168, 20.557713270187378, 20.635822296142578, 20.19842290878296, 21.0888409614563, 20.182800769805908, 20.698302030563354]","[1479279.7233385644, 1453174.8201589792, 1427577.0445721888, 1402297.2451726256, 1377317.0675320688, 1352630.8009688864, 1328191.2350914301, 1304128.4656625274, 1280325.9141477894, 1256754.0719159388, 1233538.725078466, 1210587.6218698826, 1187938.233266239, 1165544.6791842931, 1143497.9646305267, 1121708.549911299, 1100210.668813114, 1079045.0997117222, 1058145.4218579421, 1037514.1377507505, 1017200.9073075873, 997170.5000767604, 977425.0228063592, 957987.820201624, 938852.4002626911, 919990.5344057041, 901429.3390590884, 883136.5709095252, 865198.2959197598, 847484.1872782478]"
32,4,1e-05,30,1197.064,1077.0243,-38.201229095458984,20.38586573600769,"[20.104628086090088, 20.1984224319458, 20.807657480239868, 20.167179346084595, 20.6514413356781]","[1489816.7815058678, 1483456.311271834, 1478229.8276473798, 1473032.4918975164, 1467858.5608965612]"
32,5,0.05,30,181.29427,127.90222,-0.06081587076187134,21.610580968856812,"[21.24499249458313, 21.494998455047607, 21.698073148727417, 21.27629280090332, 22.338547945022583]","[109084.16538008644, 35933.34355530052, 35929.73813759083, 35931.905418296046, 35932.97996754209]"
32,5,0.01,30,180.96532,128.59299,-0.05798453092575073,21.719940662384033,"[21.213808059692383, 22.35416865348816, 21.32315707206726, 21.791800022125244, 21.91676950454712]","[381771.8659926502, 35930.318657887554, 35913.162835666706, 35907.89015590884, 35911.72716565528]"
32,5,0.005,30,181.09184,129.02533,-0.06119716167449951,21.695456902186077,"[21.13563823699951, 22.463520765304565, 21.30753469467163, 22.369788885116577, 21.13570237159729, 21.76055645942688]","[671284.5008848765, 66423.91875607686, 35910.20757297033, 35904.11939489373, 35908.94975020896, 35906.35284623725]"
32,5,0.001,30,181.02283,128.5408,-0.058802902698516846,21.512713280591097,"[21.432446479797363, 21.323156356811523, 22.15108847618103, 21.13569974899292, 22.182331562042236, 21.26067304611206, 21.60433793067932, 21.370019674301147, 21.23697304725647, 21.80742073059082, 21.135699033737183]","[1253150.4234187363, 855424.6003002183, 563225.024904476, 350106.95382224006, 194612.8632801839, 93997.78255812466, 45546.286411601905, 36022.105991813296, 35906.33224180796, 35900.9512113213, 35901.84675644787]"
32,5,0.0005,30,180.95956,128.47717,-0.05761498212814331,21.695459776454502,"[21.729247331619263, 21.29191303253174, 21.46375060081482, 21.9636287689209, 21.245047330856323, 22.47913384437561, 21.16694140434265, 22.322917222976685, 21.35440230369568, 21.463804960250854, 22.10415816307068, 21.323153734207153, 22.44789433479309, 21.229426383972168, 22.07297658920288, 21.40126371383667, 21.307530641555786, 22.15108561515808]","[1365013.8968170034, 1135442.589971684, 934652.37109375, 761943.7857447462, 616395.7676037118, 493874.23596564546, 387393.6486144753, 295271.20356850437, 217426.04719057042, 153813.392990712, 104308.25215408791, 68700.20462289336, 46785.701927751434, 37349.472898524924, 35926.9979615857, 35901.09550229535, 35909.48962948728, 35915.14919644152]"
32,5,0.0001,30,632.5972,484.9726,-9.135502815246582,21.373657695452373,"[21.166935443878174, 22.18232488632202, 21.19817852973938, 21.932382583618164, 21.38563632965088, 20.885752201080322, 21.40125560760498, 21.026344299316406, 21.35439372062683, 21.135691165924072, 20.901374340057373, 21.229421615600586, 20.870129585266113, 21.963627099990845, 20.995097398757935, 21.479364156723022, 21.65119218826294, 20.995099782943726, 22.041731595993042, 21.02634048461914, 21.807409286499023, 21.26066303253174, 21.135692596435547, 21.869894981384277, 21.057584524154663, 21.932381629943848, 21.260662317276, 21.416871547698975, 21.604335069656372, 21.04196286201477]","[1466083.479240584, 1414762.8436817685, 1364874.9603063592, 1316149.5533911027, 1268572.8717590065, 1222164.2786316185, 1176944.5380390284, 1132861.0109511463, 1089942.465713701, 1048198.6672693777, 1007577.7406096479, 968180.3386496998, 929902.1784422762, 892825.3331826556, 856874.2649085699, 822079.3875972298, 788441.8105724618, 755987.7222980349, 724650.337046261, 694488.8373362445, 665445.0134586517, 637504.1252004298, 610677.2249846479, 584806.053954012, 559737.1083344705, 535345.7395733829, 511575.2452451215, 488368.99014055677, 465756.87684651336, 443725.0764703876]"
32,5,5e-05,30,896.1639,729.7579,-19.664701461791992,21.322358679771423,"[21.8698947429657, 21.135693073272705, 21.68243718147278, 21.088828802108765, 20.940235376358032, 21.682438611984253, 20.995162963867188, 21.6198890209198, 21.073209047317505, 21.245038270950317, 21.479361057281494, 20.96385622024536, 21.8855140209198, 21.10444712638855, 21.619951009750366, 21.260659217834473, 20.80764150619507, 21.8698947429657, 20.792017698287964, 21.573086977005005, 21.073203802108765, 20.901368856430054, 21.79178738594055, 20.713911294937134, 21.744922637939453, 20.948235750198364, 21.51059603691101, 21.354385137557983, 21.010717391967773, 21.93237543106079]","[1480189.8088496178, 1453975.8113400654, 1428417.1150382096, 1403102.1734272654, 1378069.1139209198, 1353417.75414506, 1328981.5043668123, 1304868.4849549672, 1281033.4541314137, 1257479.5026951418, 1234238.982908024, 1211298.3423341976, 1188646.174928357, 1166220.9987036027, 1144152.4907887555, 1122375.5282563455, 1100881.9810146014, 1079631.6962165665, 1058755.017202852, 1038110.9835732806, 1017769.4541570005, 997765.1807280295, 978020.4866095796, 958547.3815331605, 939386.5796943231, 920499.1106969842, 901934.5026183815, 883637.2693777293, 865645.9038704284, 847970.2044299264]"
32,5,1e-05,30,1197.9666,1078.1456,-38.26084899902344,21.263770008087157,"[20.96379065513611, 21.604328393936157, 21.13568687438965, 21.213793754577637, 21.40125036239624]","[1491626.4192822052, 1485657.7986319596, 1480401.4635644106, 1475190.4099686136, 1470021.12914506]"
50,2,0.05,30,182.77254,129.21912,-0.08716422319412231,17.914564657211304,"[17.8083438873291, 17.995794534683228, 17.636502504348755, 17.652189016342163, 18.47999334335327]","[83368.04154148685, 35946.54057318675, 35943.15075390412, 35943.920145692784, 35952.0652816306]"
50,2,0.01,30,180.06001,129.36128,-0.04626888036727905,17.911438608169554,"[17.6521258354187, 17.964552879333496, 17.995789766311646, 17.6833713054657, 18.261353254318237]","[264703.81205009896, 35913.387677321785, 35910.55187855017, 35912.7072522026, 35916.720476308765]"
50,2,0.005,30,181.18042,128.26462,-0.060335636138916016,18.058279554049175,"[17.652122259140015, 17.792716026306152, 18.54254174232483, 17.808337211608887, 18.05828285217285, 18.49567723274231]","[476594.1141538662, 36955.361580128236, 35905.55975008636, 35909.84741890587, 35908.02303490785, 35906.71918817379]"
50,2,0.001,30,180.9101,128.45483,-0.056809306144714355,18.033985535303753,"[17.90206480026245, 18.339463233947754, 17.855204343795776, 17.823959827423096, 18.52691650390625, 17.839580535888672, 17.66774344444275, 18.495676517486572, 17.855260610580444]","[1141619.553604326, 620487.9410096548, 298140.6527040973, 111334.7515432033, 41827.90438363021, 35902.33277646527, 35903.475442944655, 35901.334263164405, 35904.32499581549]"
50,2,0.0005,30,181.10394,128.50133,-0.05994147062301636,17.871599252407368,"[17.93324613571167, 17.808335304260254, 17.667744874954224, 17.902063846588135, 17.683364391326904, 17.756024837493896, 17.94892716407776, 17.85520052909851, 17.636500597000122, 18.41756844520569, 17.714609146118164, 17.636500120162964, 18.370704889297485]","[1302163.202280636, 973608.0359835562, 711454.0091131618, 508996.4669418668, 348951.3548482703, 222940.53569783707, 130286.75064233506, 70499.82510842402, 41691.93023441765, 35985.67361370237, 35907.6738341219, 35903.74193656288, 35901.77791785361]"
50,2,0.0001,30,374.87875,290.0603,-2.720609664916992,17.948921950658164,"[17.683259963989258, 18.276973724365234, 17.91768527030945, 17.620874404907227, 18.41757106781006, 17.91768217086792, 17.60525369644165, 18.52691912651062, 17.855270385742188, 17.745839834213257, 18.495609998703003, 17.667742013931274, 18.011409759521484, 18.40194869041443, 17.83957314491272, 18.433188676834106, 18.058276891708374, 17.69898223876953, 18.261350631713867, 17.745850086212158, 17.652118682861328, 18.183244705200195, 17.636494874954224, 17.652117490768433, 18.011409997940063, 17.652119159698486, 18.042652130126953, 17.82395339012146, 17.667744398117065, 17.964541912078857]","[1450681.4722639192, 1372561.4234784388, 1297578.1184668394, 1225349.136343477, 1155901.2732413346, 1089186.43223765, 1025269.2903247817, 964114.8338052675, 905680.0746451966, 850062.183227006, 797188.59032137, 747018.897217863, 699609.7854718204, 654859.2949730486, 612750.6324031113, 572967.3440016034, 535028.6721564546, 498605.1813250546, 463554.7992247203, 429916.2400936477, 397644.6526379981, 366742.3249095933, 337275.7745121452, 309170.34518286027, 282450.936069272, 257115.78379375342, 233177.830380902, 210632.9765625, 189461.24253931837, 169675.75272925766]"
50,2,5e-05,30,744.77155,568.0657,-12.97441577911377,17.880962117513022,"[17.855135679244995, 17.589633226394653, 18.245729446411133, 17.698987007141113, 17.620872735977173, 18.3707013130188, 17.71462845802307, 17.917656898498535, 18.105137825012207, 17.58963370323181, 18.12075924873352, 17.917681455612183, 17.792715311050415, 18.198862314224243, 17.761467695236206, 17.730225801467896, 18.29259443283081, 17.76147150993347, 17.667737245559692, 18.37070059776306, 17.620874166488647, 17.93330430984497, 17.68335747718811, 17.683361768722534, 18.027027368545532, 17.823954820632935, 17.620874881744385, 18.214486598968506, 17.753443717956543, 17.74584650993347]","[1471157.237172489, 1431139.7868279202, 1392170.0985432588, 1353860.3685862445, 1316293.2524051582, 1279389.534780977, 1243184.978046534, 1207687.7783331058, 1172861.8919128685, 1138728.3050371862, 1105353.5940826284, 1072632.5668326966, 1040571.6348509144, 1009262.1735466704, 978624.0422011463, 948642.8394428903, 919419.1426292986, 890877.64405363, 863018.3076214519, 835826.7887639875, 809344.908680745, 783570.0795749181, 758456.2130057656, 734082.0860995497, 710381.1948092931, 687360.9865925219, 665034.5616726938, 643360.0704830786, 622355.7421576488, 601931.6687789983]"
50,2,1e-05,30,1191.1481,1070.8602,-37.77873992919922,17.980165863037108,"[18.323833465576172, 17.76146674156189, 17.823954820632935, 18.292593002319336, 17.698981285095215]","[1488284.9319220798, 1479172.4436408298, 1471137.8706331877, 1463124.5689308133, 1455143.8821472435]"
50,3,0.05,30,180.61258,129.22247,-0.05443698167800903,18.99867491722107,"[19.589160203933716, 18.948691844940186, 18.480042457580566, 19.589163064956665, 18.386317014694214]","[83163.36751493096, 35956.67709643768, 35943.35274828782, 35941.02132579021, 35948.13432165421]"
50,3,0.01,30,181.06543,129.02386,-0.06077224016189575,18.8674437046051,"[18.917382955551147, 19.151763916015625, 18.35507607460022, 19.464191675186157, 18.448803901672363]","[265065.4766246013, 35908.01549360117, 35909.78624302227, 35910.890755332715, 35920.39634204848]"
50,3,0.005,30,180.9713,128.6017,-0.05819481611251831,18.66228485107422,"[18.52684736251831, 19.27673625946045, 18.323831796646118, 18.979928970336914, 18.71436619758606, 18.15199851989746]","[476014.23625882744, 36930.96317954251, 35908.226729347196, 35906.64894683705, 35905.69771179466, 35917.56024489757]"
50,3,0.001,30,181.11084,128.80777,-0.06094396114349365,18.79941619767083,"[19.3079776763916, 18.63626003265381, 18.480046033859253, 19.058040380477905, 18.292590379714966, 18.83933448791504, 18.87058186531067, 18.214483737945557, 19.495431184768677]","[1141934.850214929, 620542.4520844705, 298249.53426924127, 111348.22198886122, 41819.93057317609, 35904.417864537136, 35904.18108851004, 35906.29705890505, 35903.56652552176]"
50,3,0.0005,30,181.02248,128.51305,-0.05866742134094238,18.834525126677292,"[18.386255264282227, 18.52690863609314, 19.47981548309326, 18.526907444000244, 19.042418956756592, 18.8237144947052, 18.292587757110596, 19.604783058166504, 18.558154344558716, 18.651880741119385, 19.37045693397522, 18.573772430419922, 19.011171102523804]","[1303224.815186613, 974668.9176702375, 712559.8254042713, 510047.82847468613, 349802.85208916146, 223557.68243168326, 130711.74717159354, 70736.81565677027, 41792.314810940275, 35988.308598547526, 35905.141363218885, 35904.37871794721, 35912.28733699082]"
50,3,0.0001,30,374.97885,290.13623,-2.722597122192383,18.9656196196874,"[19.073589086532593, 18.558148622512817, 19.542299032211304, 18.94868230819702, 18.933063983917236, 19.448566198349, 18.667500495910645, 19.073654890060425, 18.761229276657104, 18.58939528465271, 19.401702880859375, 18.6362566947937, 18.72998332977295, 19.40170192718506, 18.729984045028687, 18.995546340942383, 19.08927893638611, 18.65187644958496, 19.394343614578247, 18.714359760284424, 18.77684736251831, 19.16738224029541, 18.85495662689209, 18.901817321777344, 19.011171579360962, 18.57376980781555, 19.4641854763031, 18.87057852745056, 18.71436047554016, 19.29235601425171]","[1450619.4983624455, 1372644.9791723527, 1297625.3058303767, 1225401.668966635, 1155941.9673341976, 1089250.0304482805, 1025361.0269684771, 964218.2306478575, 905824.6431836791, 850196.8527309634, 797304.0948672899, 747162.6453585562, 699770.9212779748, 655043.7370530841, 612900.754759143, 573126.2664736286, 535217.004153589, 498764.95384143014, 463694.19711636874, 430046.64773812774, 397762.18119712063, 366887.0077826487, 337390.20456212474, 309283.8884735774, 282573.4806585187, 257240.2666655295, 233274.25170791827, 210731.68547224687, 189550.3025243501, 169754.10799437945]"
50,3,5e-05,30,744.38605,567.72217,-12.95882797241211,18.90910768508911,"[18.651877403259277, 19.261110544204712, 18.901816606521606, 18.62063431739807, 19.511050939559937, 18.651878356933594, 18.917445182800293, 19.32358980178833, 18.651877403259277, 19.011168241500854, 18.94868493080139, 18.620633363723755, 19.276732921600342, 18.43317437171936, 18.933059215545654, 19.13613748550415, 18.651874780654907, 19.058030128479004, 19.026787281036377, 18.401935338974, 19.307970762252808, 18.495662927627563, 18.5894513130188, 19.386017084121704, 18.74560546875, 19.02678608894348, 19.183001279830933, 18.57377028465271, 19.41731882095337, 18.55814790725708]","[1469962.8122270743, 1430021.1390556768, 1391016.4084334061, 1352771.7320039575, 1315206.2302128822, 1278324.0351391921, 1242153.474609375, 1206628.1621008462, 1171882.8357242767, 1137758.4228643558, 1104388.3551275928, 1071698.0935623636, 1039672.1173495497, 1008365.4094057041, 977739.4737308952, 947831.3923734307, 918614.4249624728, 890040.2948280568, 862206.387571643, 835076.3132249591, 808604.5304312228, 782831.3977466567, 757791.889516239, 733408.020264738, 709729.5987053084, 686720.139772107, 664400.7721752183, 642756.0163499591, 621747.0113562705, 601366.2855272584]"
50,3,1e-05,30,1191.2888,1070.9305,-37.78453826904297,18.920561933517455,"[18.839333057403564, 19.0424063205719, 18.72998046875, 19.04247784614563, 18.948611974716187]","[1488354.133545988, 1479533.3524665665, 1471502.3027770196, 1463473.0001535208, 1455479.2127456332]"
50,4,0.05,30,181.37195,128.19891,-0.06300199031829834,19.91094207763672,"[19.65157175064087, 20.66702914237976, 19.54229426383972, 19.979687690734863, 19.71412754058838]","[83451.87529544748, 35941.65384124356, 35951.15257216541, 35950.19127871584, 35946.9187371533]"
50,4,0.01,30,180.65144,128.57971,-0.0531957745552063,19.87658796310425,"[19.589155197143555, 20.370281457901, 19.557855129241943, 20.089035034179688, 19.776612997055054]","[264834.27654656157, 35909.18003771919, 35915.536986105304, 35908.68837967918, 35911.299481387745]"
50,4,0.005,30,181.18587,128.14394,-0.05996125936508179,19.884604414304096,"[19.51104736328125, 20.338979244232178, 19.5110445022583, 20.21401309967041, 20.120277643203735, 19.61226463317871]","[476714.71539333294, 36958.88742545182, 35909.56100810355, 35906.08537512367, 35907.379887610026, 35911.95365006226]"
50,4,0.001,30,180.95454,128.79213,-0.058529555797576904,20.047372632556492,"[20.510753631591797, 19.69850182533264, 20.385839223861694, 19.823476314544678, 19.54228687286377, 20.604543209075928, 19.667258977890015, 20.16714334487915, 20.02655029296875]","[1140555.1699986353, 619783.4034610399, 297810.95627430745, 111062.50458963052, 41787.72531687641, 35902.34143732729, 35904.62261896258, 35902.072813208964, 35907.174522566485]"
50,4,0.0005,30,180.7893,128.78174,-0.05591905117034912,19.965262486384464,"[19.620331048965454, 20.57329821586609, 19.667259693145752, 20.16714334487915, 19.83909559249878, 19.46418333053589, 20.667025089263916, 19.91720199584961, 20.026551723480225, 19.99530863761902, 19.62039589881897, 20.33897829055786, 19.651639461517334]","[1302158.2174962473, 973677.8172250272, 711531.098701044, 509152.58572001226, 349069.21711457765, 222998.22253577886, 130348.44641699645, 70500.39108502917, 41733.66791411154, 35987.08254072031, 35901.91005270346, 35903.4889098588, 35904.31255583784]"
50,4,0.0001,30,374.76196,289.9724,-2.7185845375061035,20.017697143554688,"[19.917200088500977, 19.995306253433228, 19.698501348495483, 20.526493310928345, 19.729682683944702, 19.885958671569824, 20.30773138999939, 19.542292594909668, 20.651400327682495, 19.745365381240845, 19.651634693145752, 20.745134592056274, 19.76098656654358, 20.354594707489014, 19.885958433151245, 19.46417784690857, 20.667025804519653, 19.604772806167603, 20.19838261604309, 20.151522874832153, 19.62039566040039, 20.651463270187378, 19.68281650543213, 19.948509216308594, 20.229560136795044, 19.604775428771973, 20.354593753814697, 19.68288278579712, 19.948439359664917, 20.323355197906494]","[1450067.7120803767, 1372072.0864151202, 1297054.9153759552, 1224867.2434668394, 1155401.6882846616, 1088752.412714929, 1024838.4498157752, 963707.4869251502, 905332.7824866949, 849723.0634211245, 796852.3646799945, 746746.3232208652, 699329.1488810044, 654649.7199355213, 612549.24170988, 572786.3450591908, 534854.7583967317, 498419.8235108488, 463363.7317736763, 429737.2392407546, 397465.3480485808, 366601.8885546022, 337113.2644906523, 309032.150573997, 282326.3304917781, 256981.59526814957, 233068.72070738947, 210514.41475334333, 189339.82731795, 169563.56870373056]"
50,4,5e-05,30,744.5884,567.8883,-12.967902183532715,19.930027000109355,"[19.510981559753418, 20.214004516601562, 19.68287682533264, 19.9328191280365, 20.32335662841797, 19.63601040840149, 20.30773091316223, 20.02094864845276, 19.46418046951294, 20.370216846466064, 19.62039041519165, 20.135961055755615, 19.995240211486816, 19.55790662765503, 20.43270444869995, 19.885953426361084, 19.917198419570923, 20.07341194152832, 19.49541997909546, 20.495190143585205, 19.58915090560913, 19.68287754058838, 20.338972091674805, 19.464181900024414, 20.260865688323975, 20.0577871799469, 19.682878971099854, 20.135894775390625, 19.651638984680176, 19.964059352874756]","[1470616.6332218887, 1430638.5432246178, 1391672.185811272, 1353381.0011428767, 1315811.968152975, 1278940.6842248908, 1242739.4083651747, 1207258.394019514, 1172459.5677708788, 1138342.4656625274, 1104936.0631823144, 1072212.913704285, 1040164.8895759416, 1008859.697009757, 978237.4214314956, 948280.5813489356, 919045.126219637, 890508.0531437637, 862649.6325907478, 835476.8883904204, 809026.692139738, 783251.1524119815, 758147.9552231168, 733773.9489372954, 710091.937133256, 687053.875614083, 664743.5075310454, 643078.1482583925, 622066.0797284389, 601670.8769829762]"
50,4,1e-05,30,1191.2526,1070.9392,-37.783729553222656,20.039042234420776,"[19.69849681854248, 19.589149475097656, 20.463945388793945, 19.854706048965454, 20.588913440704346]","[1488329.7913482534, 1479425.1697086517, 1471405.585425764, 1463386.5783808678, 1455390.6518661298]"
50,5,0.05,30,180.37572,129.98291,-0.052758753299713135,21.48243145942688,"[21.22927975654602, 21.46371054649353, 21.635542392730713, 21.151281356811523, 21.932343244552612]","[83214.11527542048, 35940.692800730074, 35943.55593772122, 35945.29004779133, 35947.96810393354]"
50,5,0.01,30,180.06613,128.839,-0.04491555690765381,21.535552740097046,"[21.104352235794067, 21.932347536087036, 21.49494981765747, 21.432466506958008, 21.713647603988647]","[264693.9519170903, 35911.61910037911, 35910.17190505115, 35913.83635555084, 35911.31135405828]"
50,5,0.005,30,181.2094,127.86564,-0.05944293737411499,21.48712929089864,"[21.08873224258423, 21.947970628738403, 21.135658979415894, 21.979208946228027, 21.323119401931763, 21.44808554649353]","[476938.61609686306, 36961.38036163197, 35905.706780046356, 35914.516706175156, 35904.3672044246, 35904.40462457249]"
50,5,0.001,30,181.07515,128.51102,-0.05946815013885498,21.368236435784233,"[21.463639497756958, 21.104419469833374, 21.932411909103394, 21.073107481002808, 21.63554549217224, 21.198142290115356, 21.18252444267273, 21.698030471801758, 21.026306867599487]","[1140091.2690706877, 619408.3265983216, 297553.8328905397, 110936.14824453296, 41744.436113515796, 35904.72091648152, 35901.629305910334, 35906.15404913623, 35906.367382466015]"
50,5,0.0005,30,181.26799,128.40028,-0.062042057514190674,21.518545609254105,"[21.682406187057495, 21.182526111602783, 21.807377338409424, 21.323115825653076, 21.20814871788025, 22.1509792804718, 21.15128207206726, 21.932344675064087, 21.104418992996216, 21.63554072380066, 21.541816473007202, 21.07317018508911, 21.94796633720398]","[1302504.5896902292, 974129.7985978439, 712128.738711961, 509722.30053391104, 349539.5134586517, 223359.90879588565, 130610.9163834351, 70605.01722577357, 41741.73690809225, 35998.75295487449, 35901.42802395883, 35902.15002627976, 35912.14859835029]"
50,5,0.0001,30,375.04388,290.175,-2.723921060562134,21.725100056330362,"[21.088733673095703, 22.057314157485962, 21.307493925094604, 21.63553786277771, 21.68240714073181, 21.10448408126831, 21.979137420654297, 21.16690158843994, 21.682403087615967, 21.573054790496826, 21.26062774658203, 21.55743384361267, 21.088793516159058, 21.99483036994934, 21.635540008544922, 21.885480642318726, 21.74488925933838, 21.494949340820312, 22.63530468940735, 21.619919061660767, 22.432226181030273, 21.588676929473877, 21.932345151901245, 21.71364688873291, 21.479326248168945, 22.66654920578003, 21.65115761756897, 22.322877168655396, 21.682400703430176, 22.08855938911438]","[1451257.9054482805, 1373201.502678084, 1298182.1357123363, 1225921.18335494, 1156414.1717300082, 1089689.7973952647, 1025745.8650296807, 964549.5805045716, 906140.6548768423, 850494.383426583, 797572.7491897517, 747402.812252661, 699958.1709027019, 655201.4806052129, 613054.7109886736, 573269.4151328807, 535323.8765949099, 498871.52880646155, 463804.40872338973, 430141.2605033775, 397865.3046405909, 366988.8781386463, 337469.2486097844, 309382.21909328946, 282636.886663312, 257298.63828167645, 233351.86174817482, 210776.0851507062, 189616.935959462, 169804.6686425355]"
50,5,5e-05,30,744.2193,567.68317,-12.954316139221191,22.04670267899831,"[21.744829654693604, 21.83861494064331, 22.2135272026062, 21.994826316833496, 22.572877883911133, 21.60423493385315, 22.36974287033081, 21.932342529296875, 21.979204416275024, 21.901103496551514, 21.619914531707764, 22.385360956192017, 21.604294061660767, 22.510395050048828, 21.791748523712158, 22.104118585586548, 22.207685947418213, 21.682475328445435, 22.635230541229248, 21.744890689849854, 22.47908663749695, 21.682401418685913, 22.135423183441162, 22.213523149490356, 21.666780710220337, 22.52595329284668, 21.68240189552307, 22.447846174240112, 21.91671872138977, 22.213526725769043]","[1470485.5380219705, 1430487.9031454695, 1391513.349976119, 1353191.109886736, 1315617.0710630459, 1278705.6699645196, 1242498.6485910208, 1206969.1864424127, 1172156.4719398199, 1138027.5225334335, 1104629.3141716702, 1071855.9862940093, 1039846.719483488, 1008510.6366590474, 977853.8389823281, 947920.299936886, 918649.9532529339, 890083.5703636736, 862219.3328329694, 835040.1981014601, 808550.8739253548, 782762.0870036163, 757663.0386872271, 733254.8763560998, 709542.260985262, 686526.4673683133, 664158.8418992221, 642500.5349515557, 621483.2355989015, 601069.1323647312]"
50,5,1e-05,30,1191.0989,1070.5146,-37.762062072753906,22.01044907569885,"[21.947962284088135, 22.088555574417114, 22.11979842185974, 21.54181170463562, 22.354117393493652]","[1488096.385030022, 1479065.1308679038, 1471094.2983931496, 1463064.7220933407, 1455070.7054278112]"
64,2,0.05,30,182.2593,128.84818,-0.07838702201843262,18.433165407180788,"[18.401920557022095, 18.2144672870636, 18.46440839767456, 18.401923179626465, 18.683107614517212]","[73330.58822378633, 35952.608876190854, 35954.51598974503, 35957.94255232499, 35951.77545858991]"
64,2,0.01,30,180.6575,128.38446,-0.05263376235961914,18.36755518913269,"[18.370672464370728, 18.526833057403564, 18.151982069015503, 18.464410066604614, 18.323878288269043]","[217386.78746505803, 35913.588356118016, 35912.31993156333, 35916.63703318767, 35917.81840468494]"
64,2,0.005,30,180.5137,128.4627,-0.050641536712646484,18.598739862442017,"[18.37061858177185, 18.417543649673462, 18.979913234710693, 18.776835203170776, 18.4487886428833]","[387352.87997436523, 35929.986143020564, 35908.37933509527, 35909.327810628965, 35906.481932194474]"
64,2,0.001,30,180.97452,128.52655,-0.05795949697494507,18.407772421836853,"[18.089431762695312, 18.54251480102539, 18.448791027069092, 18.44878363609314, 18.292569160461426, 18.52689290046692, 18.558135747909546, 18.355060338974]","[1062735.742810112, 477501.79739100026, 165235.57663990004, 46712.9984654589, 35903.68336280256, 35901.52573338138, 35901.59807036954, 35905.757340743556]"
64,2,0.0005,30,180.96484,128.52791,-0.057830989360809326,18.271264271302655,"[18.058186769485474, 18.57375955581665, 18.2457058429718, 18.261329650878906, 18.23008632659912, 18.261330604553223, 18.042628049850464, 18.245707750320435, 18.042632579803467, 18.355056285858154, 18.66748356819153]","[1254784.7704353165, 861462.1010251774, 570950.5805898608, 358557.7997663073, 202437.67821625955, 99597.3032791604, 47876.7511140915, 36123.16473761813, 35907.93518272966, 35905.58863410783, 35907.39243806397]"
64,2,0.0001,30,214.70493,179.53967,-0.38811028003692627,18.450077072779337,"[18.136298179626465, 18.464407682418823, 18.448781490325928, 18.26133370399475, 18.683101177215576, 18.18322443962097, 18.401920318603516, 18.56570291519165, 18.089495182037354, 18.54257345199585, 18.6986665725708, 18.073873043060303, 18.5893771648407, 18.105116367340088, 18.183226108551025, 18.745587587356567, 18.011388063430786, 18.605002641677856, 19.011152505874634, 18.292569875717163, 18.198843955993652, 18.745588779449463, 18.51127004623413, 18.448787212371826, 18.55813479423523, 18.21446704864502, 18.729966640472412, 18.464406728744507, 18.636244773864746, 18.901803731918335]","[1439718.259501228, 1341348.528827784, 1247800.1921567959, 1158771.686416826, 1074183.1735296124, 994094.266964042, 918481.5857157478, 847343.5841464247, 780655.7664181906, 718375.8679806906, 660474.2750921125, 606789.8697930882, 556821.2925039233, 509569.8703133529, 464697.1050423035, 422053.91974276747, 381669.4465705172, 343527.64893857465, 307637.18883477757, 273988.4435960528, 242602.26818581126, 213448.23160096546, 186531.28175000852, 161889.48433981815, 139459.51522947085, 119274.04414574236, 101320.41641115413, 85593.00628368928, 72086.61795403759, 60784.19104536965]"
64,2,5e-05,30,639.10297,489.75406,-9.339336395263672,18.62374040285746,"[18.40186357498169, 19.011148929595947, 18.63624119758606, 18.526926517486572, 19.151707649230957, 18.40191650390625, 18.651862382888794, 18.854936838150024, 18.32381296157837, 18.979907751083374, 18.60499858856201, 18.401983499526978, 19.011086225509644, 18.448782444000244, 18.464405059814453, 18.886181116104126, 18.40191912651062, 18.8549382686615, 18.54251194000244, 18.230084657669067, 18.808074474334717, 18.558133840560913, 18.105111837387085, 18.729968070983887, 18.480026960372925, 18.52689003944397, 18.651860237121582, 18.355055332183838, 19.167365074157715, 18.542510986328125]","[1464213.681529749, 1413568.6026883188, 1364440.0188318777, 1316438.4582423582, 1269536.1403520743, 1223828.242784525, 1179218.3957935316, 1135714.0353438864, 1093358.6074901065, 1052126.3702749726, 1012016.5119575601, 973045.1807792031, 935165.3105127593, 898439.8591361899, 862842.4859102074, 828361.4987718341, 795023.1495974344, 762791.1132641921, 731672.1962847981, 701657.9469074099, 672736.8881686681, 644973.6151021766, 618185.5758818914, 592481.717897107, 567576.325694255, 543329.8280439752, 519705.0264780636, 496676.88757590746, 474196.71503565094, 452269.70665597706]"
64,2,1e-05,30,1186.5325,1065.5208,-37.44139862060547,18.864311456680298,"[18.9017436504364, 18.80807089805603, 18.66748356819153, 19.229849100112915, 18.714410066604614]","[1486930.352910071, 1475858.0803595798, 1465616.8289608352, 1455440.302367631, 1445328.6686851801]"
64,3,0.05,30,182.04187,127.811584,-0.07178711891174316,19.72973189353943,"[19.839080810546875, 19.917190551757812, 19.38606071472168, 20.22961688041687, 19.276710510253906]","[73153.98085215206, 35957.35545315805, 35958.904474649884, 35962.118271473715, 35949.31152843492]"
64,3,0.01,30,180.78552,128.48305,-0.05489003658294678,19.756694650650026,"[19.698423624038696, 19.770883321762085, 19.6672420501709, 19.96405601501465, 19.682868242263794]","[217001.52275118764, 35911.46729088663, 35914.17816042171, 35917.252747781415, 35912.21731827249]"
64,3,0.005,30,181.24763,128.42612,-0.06182128190994263,19.62038254737854,"[19.901567220687866, 19.604763507843018, 19.182981491088867, 19.760977506637573, 19.651623010635376]","[386850.50862168224, 35935.168356549795, 35924.89975095524, 35906.87150846923, 35913.62430382608]"
64,3,0.001,30,180.93567,128.66989,-0.05775606632232666,19.606706589460373,"[19.58907914161682, 19.682868242263794, 19.448547840118408, 19.760975122451782, 19.40168333053589, 19.2610924243927, 20.151506900787354, 19.557899713516235]","[1062599.2051292986, 477381.56360876095, 165088.85512279527, 46712.62343787314, 35903.77550576556, 35902.09067705313, 35910.49470300133, 35901.27025514295]"
64,3,0.0005,30,180.95271,128.63933,-0.05804920196533203,19.793630773370918,"[20.276411771774292, 19.40168309211731, 19.55789875984192, 20.073400735855103, 19.323577880859375, 20.167129039764404, 19.46416664123535, 19.792215585708618, 20.245234489440918, 19.432925701141357, 19.99529480934143]","[1254737.1388680404, 861426.791126501, 571076.4382079012, 358690.3642386224, 202421.11951696404, 99653.1961616616, 47864.905622857106, 36117.956396444395, 35905.35913499058, 35902.86841793144, 35901.90904868847]"
64,3,0.0001,30,214.71721,179.55637,-0.387937068939209,19.632875712712607,"[19.245408296585083, 19.26108741760254, 20.15150761604309, 19.495407819747925, 19.99529242515564, 19.38606095314026, 19.43292474746704, 19.714112520217896, 19.354817628860474, 19.432926177978516, 19.52665138244629, 19.464166402816772, 19.74535059928894, 19.37044334411621, 19.557894229888916, 20.01091456413269, 19.32357358932495, 19.979673385620117, 19.620381355285645, 19.432921171188354, 20.292097568511963, 19.30795431137085, 20.40144634246826, 19.573516607284546, 19.307955026626587, 20.19836926460266, 19.511032104492188, 19.745352506637573, 19.698485612869263, 19.448546409606934]","[1439123.3644753003, 1340817.8533024017, 1247333.3151098527, 1158331.9702766784, 1073851.3448928767, 993803.6723867358, 918270.9140369132, 847178.6330939546, 780546.7468016512, 718323.3371656659, 660479.2269036572, 606842.1452178289, 556878.574832833, 509668.6887750751, 464769.48720234033, 422116.7809685453, 381702.82012059906, 343577.8704157001, 307690.9618714178, 274036.65180855966, 242632.55220131687, 213489.64657392877, 186564.56465142264, 161916.37276008973, 139485.54776520707, 119292.59907898215, 101345.48849340713, 85605.96999442422, 72098.32395115482, 60804.38241377252]"
64,3,5e-05,30,639.21967,489.8249,-9.343107223510742,19.645108660062153,"[20.167126417160034, 19.30795693397522, 19.56553053855896, 19.682862758636475, 19.464171886444092, 19.635998964309692, 19.401681184768677, 19.21422791481018, 19.604758262634277, 19.479788303375244, 19.37044048309326, 19.354817867279053, 19.30795383453369, 20.120263814926147, 19.401742935180664, 19.948371171951294, 19.71410870552063, 19.807832956314087, 20.604527235031128, 19.370437622070312, 19.51103138923645, 19.9796724319458, 19.229846477508545, 20.182748556137085, 19.620442867279053, 19.385998487472534, 20.073400735855103, 19.401681184768677, 19.823460340499878, 19.62037754058838]","[1464754.6115072325, 1414161.9418668123, 1365015.6750136463, 1317002.490106441, 1270095.5754298582, 1224354.48142399, 1179726.50597878, 1136207.6180148062, 1093825.5422523199, 1052576.8030158298, 1012444.4907375819, 973454.400876774, 935584.5794981577, 898853.4798887827, 863207.7057007368, 828722.2512281659, 795346.1371793122, 763076.8315962745, 731948.2458037664, 701960.6099293805, 673039.3741982806, 645201.549617051, 618451.8182442344, 592674.3202442685, 567764.2165665939, 543493.2607421875, 519892.27345882234, 496866.4531420579, 474341.39861234307, 452421.2462472707]"
64,3,1e-05,30,1186.1597,1064.8981,-37.40928268432617,19.561005067825317,"[19.2766375541687, 20.135889053344727, 19.401679754257202, 19.46416687965393, 19.526652097702026]","[1485933.837626228, 1474981.9585493996, 1464741.0405635918, 1454593.0918054038, 1444478.5246486082]"
64,4,0.05,30,181.0786,127.86153,-0.05743110179901123,20.617007112503053,"[20.71380305290222, 20.68263077735901, 20.432690143585205, 20.916954517364502, 20.33895707130432]","[73186.99078062632, 35954.52095718051, 35961.676188239886, 35963.1578303841, 35955.82847362002]"
64,4,0.01,30,180.09888,128.9625,-0.045790672302246094,20.84820098876953,"[20.83877444267273, 20.916948318481445, 20.510793685913086, 21.49493718147278, 20.479551315307617]","[216926.32328483215, 35913.75535750077, 35914.20015559967, 35914.23342575673, 35910.01342320338]"
64,4,0.005,30,180.51802,128.81686,-0.05173438787460327,20.73885374069214,"[21.135584354400635, 20.370202779769897, 20.76073455810547, 20.885706424713135, 20.542040586471558]","[386807.23059548455, 35929.96058408246, 35907.7085887126, 35909.87033161013, 35913.526178351654]"
64,4,0.001,30,180.90002,128.79288,-0.05774819850921631,20.784159421920776,"[21.198132753372192, 20.41699981689453, 21.291862726211548, 20.44831132888794, 20.21398401260376, 21.135650396347046, 20.54203462600708, 21.026299715042114]","[1063295.3233402702, 477993.9565003241, 165432.2275481245, 46736.29811276098, 35905.88366379384, 35911.08525598518, 35901.408160147184, 35902.786560991444]"
64,4,0.0005,30,181.00893,128.4262,-0.058241844177246094,20.66067233952609,"[20.47948932647705, 21.01067876815796, 20.542039155960083, 20.23802423477173, 20.90132713317871, 20.463932275772095, 20.91694688796997, 20.46392846107483, 20.51079559326172, 21.323105812072754, 20.417128086090088]","[1254161.2740856986, 861181.5961210426, 570951.1198655841, 358584.3864095763, 202371.24233355792, 99623.3621378403, 47842.88410303374, 36120.695049169284, 35901.579995900785, 35904.64229333869, 35905.076113505136]"
64,4,0.0001,30,214.71153,179.54909,-0.3879339098930359,20.706581433614094,"[21.12002992630005, 20.8388409614563, 20.479548931121826, 20.96381115913391, 20.354580402374268, 21.494937419891357, 20.401447057724, 20.526413440704346, 20.838842391967773, 20.479551792144775, 21.198131322860718, 20.432688236236572, 20.8232204914093, 20.58890128135681, 20.323339700698853, 20.85446071624756, 20.620144367218018, 20.885708332061768, 20.542032957077026, 20.29209804534912, 20.948198080062866, 20.338953971862793, 20.69824719429016, 20.49517297744751, 20.401444911956787, 21.33879017829895, 20.698182344436646, 21.026367664337158, 20.666941165924072, 20.526415586471558]","[1438582.5605383462, 1340399.0253479804, 1246963.600965475, 1157988.7496929585, 1073508.4596155158, 993547.4309583106, 918046.0507983079, 846979.3202783843, 780407.1448553493, 718238.3906505868, 660426.0896305267, 606830.4409798034, 556852.7923887827, 509676.17862991267, 464759.7272234921, 422120.9492869814, 381732.75939035206, 343573.12994464725, 307684.3132910583, 274035.78930770676, 242635.98064146083, 213477.20742144855, 186580.11197952204, 161912.43116300492, 139471.6141149529, 119288.13057792031, 101331.1543363213, 85602.6315672762, 72091.96726170169, 60806.37008627013]"
64,4,5e-05,30,638.85315,489.58893,-9.331686019897461,20.698572103182475,"[21.119965076446533, 20.479551792144775, 21.385583877563477, 20.60452437400818, 21.026296138763428, 20.698249101638794, 20.27647590637207, 21.135645627975464, 20.52642011642456, 21.35434079170227, 20.682632207870483, 20.542035341262817, 21.198135137557983, 20.32333517074585, 20.65138030052185, 20.479551792144775, 20.495169401168823, 20.99505376815796, 20.40144109725952, 20.526414155960083, 20.73925232887268, 20.41706657409668, 20.588897705078125, 20.52641248703003, 20.557655572891235, 20.885704517364502, 20.49523663520813, 20.791913747787476, 20.557652711868286, 20.495169639587402]","[1464057.1399256277, 1413466.7158672216, 1364342.0337745633, 1316309.8879298582, 1269418.9420715065, 1223646.168949577, 1179048.4685964792, 1135531.4237769514, 1093159.5756686681, 1051905.5183883733, 1011778.7809259007, 972815.1661179721, 934941.6066713291, 898176.689708993, 862599.5893320142, 828118.4126125819, 794758.0523420442, 762476.8325429858, 731347.1362581878, 701326.7391767877, 672429.0939291075, 644612.5358769445, 617866.7953696438, 592111.2186902974, 567195.1558576692, 542959.1660923854, 519342.34528520744, 496317.17737615993, 473822.76072086516, 451926.41912442003]"
64,4,1e-05,30,1185.9838,1064.9585,-37.40505599975586,20.64511995315552,"[20.901247262954712, 20.432687520980835, 20.71386981010437, 20.667003631591797, 20.510791540145874]","[1485573.579472571, 1474537.136104667, 1464299.4533979257, 1454142.357908024, 1443963.4075293394]"
64,5,0.05,30,180.60025,128.89215,-0.05327248573303223,20.94817671775818,"[21.46363115310669, 20.526413440704346, 21.22938346862793, 20.854450225830078, 20.66700530052185]","[73050.54094113012, 35952.40345251092, 35952.11846044282, 35956.64036086969, 35956.99172400595]"
64,5,0.01,30,182.01624,127.6107,-0.0707504153251648,20.954437065124512,"[21.338720321655273, 20.854461431503296, 21.229374647140503, 20.870082139968872, 20.479546785354614]","[217385.43263811004, 35911.82667015109, 35911.729686620456, 35917.74705631973, 35916.45277371469]"
64,5,0.005,30,181.5628,127.83649,-0.06476390361785889,20.90757360458374,"[21.135645866394043, 20.807599306106567, 21.08877730369568, 20.83884358406067, 20.667001962661743]","[387345.79065207933, 35938.72779852855, 35907.285043908, 35911.421752529895, 35910.34622005813]"
64,5,0.001,30,180.9345,128.73814,-0.058017194271087646,20.891561299562454,"[20.901323795318604, 20.58889865875244, 21.182506561279297, 20.729491233825684, 20.667004823684692, 21.229373455047607, 20.682625770568848, 21.15126609802246]","[1062385.8683559634, 477161.8521872441, 164999.1567222895, 46683.05223716503, 35906.395356290726, 35905.771710991336, 35901.7431537345, 35902.22852708575]"
64,5,0.0005,30,180.95992,128.58424,-0.057915568351745605,20.949613917957652,"[20.6356999874115, 20.667006731033325, 21.323099613189697, 20.588897705078125, 21.338722467422485, 20.948189735412598, 20.651383638381958, 21.51055598258972, 20.604521989822388, 21.276235103607178, 20.901440143585205]","[1253689.4483914438, 860765.2421277974, 570562.9197896766, 358300.6298444323, 202213.617902864, 99516.74422644736, 47828.24171307826, 36120.55461620347, 35902.30359113269, 35904.76537566206, 35905.765982815275]"
64,5,0.0001,30,214.70535,179.53847,-0.38792139291763306,20.97187236150106,"[20.651383876800537, 21.54179859161377, 20.6201434135437, 21.307477712631226, 20.760733366012573, 20.57327675819397, 21.510557174682617, 20.612059831619263, 21.18250846862793, 20.885704040527344, 20.682627201080322, 21.354341983795166, 20.66701030731201, 20.901319980621338, 20.96381402015686, 21.01067280769348, 21.604285955429077, 20.588956117630005, 20.948131799697876, 21.182508945465088, 20.5732741355896, 21.338725805282593, 20.57327365875244, 21.338722229003906, 21.18251132965088, 20.71386742591858, 21.213754177093506, 20.60451602935791, 20.62014102935791, 21.44807267189026]","[1439359.838376774, 1341082.4408433407, 1247577.0899375682, 1158543.744004162, 1074007.9637008733, 993946.1528384279, 918346.72217863, 847240.2284900382, 780584.2902394923, 718317.1576316867, 660489.4051582969, 606809.8612982738, 556837.2833523813, 509609.3106577511, 464710.34699952236, 422055.0941295374, 381675.95888202783, 343537.57163448416, 307637.9637755015, 274008.9724579524, 242599.3799936886, 213461.65943342316, 186555.99993816525, 161885.77100888715, 139467.5970474976, 119283.09718182826, 101315.2444423359, 85594.70137230486, 72097.7427541408, 60788.944241586214]"
64,5,5e-05,30,639.34717,489.92352,-9.347251892089844,20.939856505393983,"[20.74510955810547, 21.385589122772217, 20.65138053894043, 20.65138339996338, 21.276235342025757, 20.6357638835907, 21.010674238204956, 20.807596445083618, 20.682626962661743, 21.29185700416565, 20.776355266571045, 20.995052099227905, 20.901326179504395, 20.52641201019287, 21.291856288909912, 20.83883786201477, 20.932565927505493, 20.963807821273804, 20.620140314102173, 21.463690042495728, 20.71393346786499, 20.760666608810425, 21.291853427886963, 20.698245763778687, 21.448071479797363, 20.870081901550293, 20.713865995407104, 21.401204109191895, 20.66700291633606, 21.182509183883667]","[1464825.9669759825, 1414277.5153350164, 1365123.4466941867, 1317096.010012964, 1270186.5736387828, 1224460.9772704013, 1179806.9469159388, 1136341.8652173171, 1093946.0821165394, 1052702.7966020743, 1012576.3924501911, 973588.0642143149, 935741.6621349618, 899003.6847195688, 863387.1291280022, 828866.6686766512, 795513.7653861899, 763271.627319869, 732121.5174843068, 702123.63233488, 673195.4291160617, 645391.747002081, 618649.5095012281, 592881.3832517399, 567949.6502925423, 543734.8758358351, 520091.41457850026, 497024.5085502525, 474506.21218698827, 452595.9086679517]"
64,5,1e-05,30,1186.1113,1065.0264,-37.41233444213867,21.324579000473022,"[20.745042324066162, 21.16688561439514, 21.82297968864441, 21.104403495788574, 21.783583879470825]","[1485898.3085425764, 1474826.7187158843, 1464624.8094978165, 1454428.9546431496, 1444339.5611353712]"
100,2,0.05,30,180.44313,130.01163,-0.05393683910369873,18.42376866340637,"[18.183149099349976, 18.386290550231934, 18.714336156845093, 18.105106830596924, 18.729960680007935]","[59859.65813476029, 35984.80493457244, 35986.20853487373, 35987.28126585848, 35981.80028870428]"
100,2,0.01,30,181.66292,128.23991,-0.0675894021987915,18.455010986328126,"[18.511197566986084, 18.370669841766357, 18.964279413223267, 18.042617559432983, 18.386290550231934]","[154269.30881390302, 35923.2711638738, 35922.45170746516, 35920.00898749339, 35925.84061228656]"
100,2,0.005,30,180.77933,128.47484,-0.05475658178329468,18.458148956298828,"[18.386290788650513, 18.10510754585266, 19.089250087738037, 18.44877576828003, 18.2613205909729]","[266804.10023012117, 35918.41783815076, 35913.17779087916, 35911.37586248806, 35915.14436933359]"
100,2,0.001,30,134.28539,102.81858,0.4642888307571411,18.41180356343587,"[18.8236243724823, 17.917651891708374, 18.7143394947052, 18.370667457580566, 18.23007869720459, 18.88617491722107, 18.261317491531372, 18.44877815246582, 18.933035373687744, 17.99575901031494, 18.15196967124939, 18.339427709579468, 18.105106592178345, 18.55812644958496, 18.198833465576172, 18.37066960334778, 18.542503833770752, 17.995758295059204, 18.073867082595825, 18.96428108215332, 18.04261875152588, 18.636234283447266, 18.761199951171875, 18.3706693649292, 18.88617444038391, 18.167592525482178, 17.964512586593628, 19.15173602104187, 17.995823860168457, 18.495574474334717]","[891964.6454950192, 227959.75972084812, 40007.50557458869, 20920.80514829544, 10822.240725787966, 4070.1130730158375, 3143.7098958544334, 3075.9038097181697, 2885.32942570349, 2765.298685706859, 2731.1010129378874, 2675.6157188332236, 2846.785932511742, 2696.8388978799876, 2647.881286841813, 11267.880639696747, 11935.408658290013, 12013.907783724855, 12937.532131511573, 12801.646165789474, 11946.321859817837, 13365.018149963113, 12066.478262322438, 12211.115531388328, 13147.53529746043, 12681.136378392383, 11874.164253617999, 12455.808043384135, 12293.092831774049, 12030.836909073409]"
100,2,0.0005,30,180.93945,128.61034,-0.05769979953765869,18.42620391315884,"[18.464395999908447, 18.292489528656006, 18.948660850524902, 18.167592525482178, 17.948890924453735, 18.90179705619812, 18.05824375152588, 18.308181524276733, 18.745583057403564]","[1141966.8476477212, 624571.9447666485, 303086.6704741232, 114753.1741682161, 42651.05476159508, 35907.293950243286, 35904.486744576665, 35901.74876603705, 35909.37938726833]"
100,2,0.0001,30,180.96167,128.61552,-0.05803632736206055,18.401085165830757,"[18.136348724365234, 18.49564027786255, 18.245698928833008, 18.042621850967407, 18.54250478744507, 18.151970148086548, 18.214523792266846, 18.94865345954895, 18.30812406539917, 18.7084538936615, 18.667473554611206, 17.948894023895264, 18.964279651641846, 18.120729207992554, 18.105105876922607, 19.042386770248413, 18.183213710784912, 18.370670318603516, 18.83930802345276, 17.99575972557068, 18.8393075466156, 18.261324405670166, 18.058240175247192, 18.995524406433105, 18.04262113571167, 18.198835849761963]","[1410481.7041825873, 1262310.6462711517, 1125260.3259757096, 998968.8673239629, 883361.7015471479, 778469.0263288073, 684075.3437542644, 599850.4956033365, 524087.661439854, 454425.90986626636, 390193.412476119, 331402.7759087575, 278003.9965265932, 230027.44696071575, 187420.4399765881, 150211.02901328806, 118334.27240016888, 91808.27060909354, 70590.71640027975, 54617.39146963061, 43847.45031018653, 37956.49637427184, 36097.59429851682, 35913.77276837878, 35901.85785311903, 35900.78918003932]"
100,2,5e-05,30,381.20807,294.73093,-2.838982582092285,18.37847783565521,"[18.542436122894287, 17.995755672454834, 18.417534351348877, 18.448841094970703, 18.042556762695312, 18.558125734329224, 18.151973485946655, 18.27693772315979, 18.52688455581665, 18.10510563850403, 18.245762586593628, 18.82362675666809, 18.042622089385986, 18.97989821434021, 18.2769455909729, 18.276939153671265, 19.104869842529297, 18.21445631980896, 17.88640832901001, 19.026764631271362, 17.94889521598816, 18.698715925216675, 18.48002052307129, 18.151971340179443, 18.839308261871338, 18.183212757110596, 17.91765260696411, 18.90179419517517, 17.980135440826416, 18.308184146881104]","[1449653.6378786846, 1372331.8529271288, 1298037.6445483079, 1226503.5970080514, 1157628.1016136736, 1091521.929073417, 1028123.5652121998, 967420.0694169623, 909431.9469756414, 854152.9654663618, 801535.2551770606, 751645.0240686408, 704414.7178715202, 659851.7248823007, 617851.4748311272, 578177.932310146, 540411.9753258051, 504093.7213555882, 469185.5114628821, 435618.7758426583, 403449.2884782683, 372584.93315237784, 343120.50283373706, 315015.50677197054, 288260.42240805813, 262881.08979257644, 238832.3083058986, 216171.32367289846, 194849.50405124182, 174884.7055035054]"
100,2,1e-05,30,1011.78906,867.7327,-26.00302505493164,18.525053930282592,"[18.354984760284424, 18.32380485534668, 18.480018377304077, 18.2613205909729, 17.948894500732422, 18.526882648468018, 18.19883441925049, 18.19883394241333, 18.401913166046143, 18.261324882507324, 18.308180809020996, 18.651916027069092, 18.6205472946167, 19.02682638168335, 18.542442321777344, 18.35504698753357, 18.979904174804688, 18.480016946792603, 18.628297328948975, 18.776825666427612, 18.448776721954346, 19.1517333984375, 18.4800226688385, 18.323801040649414, 18.85493302345276, 18.511260509490967, 18.542503595352173, 18.745580673217773, 18.526878833770752, 18.839311361312866]","[1482277.635865857, 1465493.6523778657, 1449737.7234579695, 1434049.4743108624, 1418503.3518354257, 1403000.1709538756, 1387653.9865584061, 1372387.9770230623, 1357265.1018865993, 1342207.8616778112, 1327312.320909525, 1312470.58888851, 1297817.6182280295, 1283190.1660753274, 1268745.7421875, 1254373.026234989, 1240091.3992562774, 1225959.6063557588, 1211889.1022277565, 1197985.7424689548, 1184152.8145469432, 1170441.6944937226, 1156816.3663004912, 1143315.01379128, 1129948.7972843887, 1116689.078594091, 1103473.3661384415, 1090445.930156591, 1077476.6760627048, 1064623.3745906113]"
100,3,0.05,30,180.00308,130.44534,-0.04800140857696533,19.714100551605224,"[19.682857275009155, 19.729722023010254, 19.698543548583984, 19.68279457092285, 19.776585340499878]","[60219.60712376224, 35990.95564329989, 35983.00207266329, 35989.13445551843, 35986.590077629255]"
100,3,0.01,30,181.1506,129.23602,-0.0627405047416687,19.64222960472107,"[19.448533296585083, 19.495339155197144, 19.65161442756653, 19.57351040840149, 20.042150735855103]","[154140.16310219577, 35923.75481111618, 35919.56834018491, 35922.31467820879, 35918.561422556246]"
100,3,0.005,30,180.40823,128.16914,-0.04820728302001953,19.854679346084595,"[19.792139530181885, 20.0577712059021, 19.97975182533264, 19.542177438735962, 19.901556730270386]","[266747.3573432489, 35916.4187683372, 35911.08683223808, 35914.04157080504, 35913.634223638146]"
100,3,0.001,30,180.91919,128.47539,-0.05697911977767944,19.88146240370614,"[19.72965168952942, 20.12025475502014, 19.94841980934143, 19.745344638824463, 20.417062759399414, 19.54226589202881, 19.667237281799316]","[891698.1867920988, 227764.88153635882, 43477.89448527373, 35908.71462679534, 35905.945205888376, 35905.61146392156, 35904.921861673545]"
100,3,0.0005,30,180.83672,128.58633,-0.056118667125701904,19.760957797368366,"[19.979596853256226, 19.43291664123535, 20.120325803756714, 19.40160298347473, 20.198362112045288, 19.948423624038696, 19.479777812957764, 19.667237043380737, 19.6203773021698]","[1141727.7890283843, 623990.626697257, 302638.97140249726, 114630.3878125853, 42626.393966874704, 35903.95722741539, 35904.12823259778, 35902.16479598799, 35905.89717735058]"
100,3,0.0001,30,180.98923,128.56187,-0.05835568904876709,20.09999767633585,"[19.792206287384033, 19.55789017677307, 19.635992288589478, 19.760966300964355, 19.5422682762146, 19.604747533798218, 21.1131808757782, 20.41320252418518, 20.754316329956055, 20.063491106033325, 20.225960731506348, 20.623939275741577, 19.8830087184906, 20.382739782333374, 20.040082454681396, 20.31026816368103, 20.149895429611206, 19.883021116256714, 20.295966386795044, 20.00312876701355, 20.387938737869263, 20.077832460403442, 19.833343744277954, 20.245232343673706, 19.986823797225952, 20.032495975494385]","[1411040.4031454695, 1262860.0234801446, 1125756.582389465, 999415.3943947871, 883840.0512162255, 778912.8764499181, 684520.9187619406, 600195.0333353234, 524406.6884424468, 454753.4463445005, 390523.29975351394, 331694.3402531386, 278265.17512239015, 230248.46985876092, 187634.79707436374, 150377.47518187945, 118470.6682246179, 91906.23477266137, 70667.87954485364, 54691.55294306726, 43880.33376608769, 37966.69853656885, 36099.077880859375, 35906.8601204818, 35908.89326030615, 35900.91367016921]"
100,3,5e-05,30,381.10104,294.64096,-2.8370249271392822,20.022405481338502,"[20.123389720916748, 19.906555891036987, 20.250640392303467, 20.16643261909485, 20.244109869003296, 20.13805103302002, 19.940620183944702, 20.275761127471924, 19.999824047088623, 20.074609994888306, 20.085983991622925, 19.78199815750122, 20.665093183517456, 19.90820026397705, 19.916402339935303, 19.9832980632782, 19.799673080444336, 20.53525996208191, 19.775278329849243, 20.062293529510498, 19.721930027008057, 19.882267236709595, 20.138251066207886, 19.645182847976685, 19.981297969818115, 19.986043214797974, 19.62948703765869, 20.319506645202637, 19.827913761138916, 19.906808853149414]","[1449406.3846035753, 1372092.0399836244, 1297817.7869643832, 1226239.8008835972, 1157432.9559651338, 1091279.9528947189, 1027897.7565246315, 967213.9653810726, 909198.5244865584, 853931.9062158843, 801365.7736336654, 751441.6627831605, 704232.2196284798, 659674.0574594022, 617670.4648224277, 578013.1686297421, 540233.2850197871, 503937.920471991, 469023.99250733486, 435485.1922847298, 403294.8004102415, 372460.51731372817, 343000.25204267877, 314891.75098082697, 288121.23381635506, 262746.0451521561, 238729.02945252796, 216063.64024546262, 194753.50447982055, 174800.5507098202]"
100,3,1e-05,30,1011.19037,866.66095,-25.960060119628906,19.90901908874512,"[19.967490196228027, 19.772664308547974, 20.139840602874756, 19.69281554222107, 20.229483604431152, 19.79770255088806, 19.890409469604492, 19.824838161468506, 19.770107746124268, 19.867137908935547, 19.758176803588867, 19.696374654769897, 20.17159128189087, 19.840580701828003, 19.96577000617981, 19.820281267166138, 19.900489807128906, 20.16228437423706, 19.782503604888916, 19.977113246917725, 19.93802762031555, 19.901214122772217, 20.064189910888672, 19.753015756607056, 20.087537050247192, 19.82720375061035, 19.75621223449707, 19.932268142700195, 19.890220165252686, 20.09302806854248]","[1480585.8046363264, 1463972.0266614356, 1448156.589246725, 1432476.579591976, 1416923.4781318232, 1401505.3370633188, 1386152.3090713702, 1370920.4059941322, 1355764.6033706332, 1340778.9136019377, 1325869.579609034, 1311105.0413311955, 1296408.576640966, 1281828.2265966157, 1267345.0159320415, 1252997.5416894106, 1238757.497185453, 1224604.8942583243, 1210601.3164744815, 1196671.6196011873, 1182839.6306035072, 1169154.9806563864, 1155599.648215748, 1142101.4496451966, 1128732.0202903247, 1115475.2010695278, 1102281.4577476801, 1089243.9566218613, 1076306.821890352, 1063452.8297284388]"
100,4,0.05,30,184.85034,127.35515,-0.11196714639663696,21.023088121414183,"[21.015350818634033, 21.04284644126892, 20.965034008026123, 20.927335500717163, 21.164873838424683]","[59914.82339717415, 35992.21523161642, 35989.0641803325, 35987.73240468388, 35985.139239048855]"
100,4,0.01,30,179.56255,128.98639,-0.03768569231033325,21.151698350906372,"[21.06001877784729, 21.261778354644775, 21.10441827774048, 20.936824798583984, 21.395451545715332]","[153832.6657856104, 35917.240576331795, 35918.10117743213, 35919.303255172796, 35917.96966326184]"
100,4,0.005,30,180.84807,128.67009,-0.056457340717315674,21.078108263015746,"[20.824328184127808, 21.239655256271362, 21.137491464614868, 21.13210153579712, 21.056964874267578]","[266431.4826469588, 35909.760064937145, 35919.601198954355, 35912.97924844667, 35908.91159577349]"
100,4,0.001,30,180.65076,128.6535,-0.0533563494682312,21.065747261047363,"[20.990320920944214, 21.05661368370056, 20.987181425094604, 21.171019792556763, 21.111332178115845, 21.191587448120117, 20.95217537879944]","[891651.9396919351, 228040.79751466977, 43518.5724256757, 35902.37219758013, 35902.2456311888, 35902.8486827867, 35912.15636314159]"
100,4,0.0005,30,181.41177,128.12181,-0.06340062618255615,20.99566176202562,"[20.961658716201782, 21.006051540374756, 20.929805278778076, 21.148510456085205, 21.071908235549927, 20.94766354560852, 21.00832509994507, 20.75572371482849, 21.131309270858765]","[1141965.3631192003, 624501.9874155635, 303095.8127132233, 114873.5032772414, 42697.95821517211, 35909.007242127795, 35912.48012279527, 35904.10180730695, 35904.65562405649]"
100,4,0.0001,30,180.97289,128.57849,-0.05805838108062744,21.048862943282494,"[21.021843910217285, 21.404630184173584, 21.165955781936646, 21.180516958236694, 21.25139832496643, 20.779050588607788, 21.292633056640625, 20.943857192993164, 21.118430137634277, 21.17032241821289, 21.01022171974182, 21.097378492355347, 20.715694904327393, 21.068637132644653, 20.78633403778076, 21.03372049331665, 21.05185055732727, 20.81433916091919, 21.152694940567017, 20.895103216171265, 21.156241178512573, 20.968506813049316, 20.810580253601074, 21.247435331344604, 20.94462275505066, 21.18843698501587]","[1409293.3809361353, 1261241.590577238, 1124263.529058065, 998055.7360893149, 882592.1804124591, 777794.160522994, 683498.3763646288, 599290.9626304926, 523610.4565664233, 453964.8722728746, 389816.00739458244, 331038.7968494132, 277693.1016200703, 229729.7483816355, 187168.53390249726, 149985.4293911197, 118140.40727560385, 91648.96210809566, 70456.80098807656, 54546.52438501083, 43761.741686425354, 37917.012988494476, 36088.58070593422, 35905.59805364484, 35908.98400652356, 35904.03347285242]"
100,4,5e-05,30,380.57526,294.29086,-2.826984167098999,21.05299395720164,"[20.96721124649048, 21.245145082473755, 21.07680583000183, 21.044046878814697, 21.258216619491577, 20.87901782989502, 21.161776781082153, 21.09565234184265, 20.71264147758484, 21.139353036880493, 20.938395500183105, 21.77654504776001, 21.080986976623535, 21.11318588256836, 21.105977058410645, 20.772806882858276, 21.199782848358154, 20.904524087905884, 21.06291151046753, 21.040931224822998, 21.052734375, 20.943788051605225, 20.653684616088867, 21.22181463241577, 20.802703619003296, 21.131407976150513, 21.12398862838745, 20.9839870929718, 21.273212671279907, 20.82658290863037]","[1448330.2902053767, 1371003.1808986082, 1296755.7317139737, 1225208.2497100164, 1156392.2366351665, 1090302.0993279202, 1026878.0385678221, 966230.5265676173, 908271.4224634962, 852996.1673120224, 800403.7823843478, 750549.034670101, 703317.8724583788, 658756.0245206741, 616767.7138970387, 577142.0216634825, 539397.4796542372, 503142.0093135917, 468232.0820909525, 434700.43041245907, 402558.76213666756, 371786.0140919248, 342339.945101409, 314265.3591596445, 287548.18979215, 262197.6624931769, 238195.15154629503, 215566.80142731644, 194293.1845425935, 174354.23967466396]"
100,4,1e-05,30,1011.28265,867.241,-25.974735260009766,21.201628239949546,"[21.31975793838501, 20.935524225234985, 21.64659857749939, 21.150801181793213, 21.80278205871582, 21.999152660369873, 21.175124883651733, 23.695393323898315, 21.568969011306763, 21.37636089324951, 21.157822847366333, 21.091001272201538, 21.1568706035614, 20.791075706481934, 20.75820517539978, 21.044265031814575, 20.830610752105713, 21.145885229110718, 20.859668493270874, 20.933490753173828, 21.06569004058838, 20.81293225288391, 20.953046083450317, 20.748883962631226, 20.858489990234375, 21.212167739868164, 20.848309993743896, 21.139334440231323, 20.819220542907715, 21.151411533355713]","[1480888.8123976528, 1464298.0313182315, 1448525.4530567685, 1432833.9733385644, 1417269.4347195688, 1401820.2798341976, 1386454.3187602346, 1371228.657102893, 1356097.4396151747, 1341051.1360534935, 1326158.1126330514, 1311331.169657478, 1296652.0000170579, 1282060.5919930404, 1267610.377422216, 1253262.830922489, 1238991.124778248, 1224828.2163618996, 1210795.9577391513, 1196881.475956946, 1183024.0306870907, 1169353.5405124181, 1155762.9096786298, 1142262.541527361, 1128885.6686084198, 1115601.6256396698, 1102458.5909183952, 1089386.8626330514, 1076417.8312807041, 1063561.4735347298]"
100,5,0.05,30,179.99606,129.83168,-0.04653221368789673,21.738116455078124,"[22.12766170501709, 21.468141794204712, 21.88942861557007, 21.569304704666138, 21.636045455932617]","[59878.59918466093, 35986.296872467974, 35985.26657810794, 35992.63798809468, 35989.36953695372]"
100,5,0.01,30,181.84361,128.32626,-0.07048684358596802,21.73151812553406,"[21.61756992340088, 21.536487102508545, 21.523969173431396, 21.746964693069458, 22.23259973526001]","[153653.07008861558, 35917.518699546046, 35919.429249592744, 35917.470945200024, 35919.372233828086]"
100,5,0.005,30,180.70325,129.66925,-0.057003676891326904,22.829016637802123,"[23.33004641532898, 22.968263626098633, 23.063432216644287, 22.476552724838257, 22.306788206100464]","[266545.0902048303, 35913.15321236823, 35908.19257284772, 35908.85399124612, 35913.61734421909]"
100,5,0.001,30,181.14062,128.24214,-0.05956071615219116,22.38681415149144,"[22.28512477874756, 21.88115620613098, 22.62963032722473, 22.675437450408936, 23.065871000289917, 22.20104956626892, 21.96942973136902]","[891806.7306009484, 227832.73023793582, 43446.70140562099, 35906.29245381584, 35904.842291552945, 35905.31531068227, 35903.28281679112]"
100,5,0.0005,30,180.88394,128.60889,-0.05684506893157959,22.29435634613037,"[22.125438451766968, 22.21109104156494, 21.714202165603638, 21.967490673065186, 21.655912399291992, 23.98485779762268, 22.557613372802734, 22.198855876922607, 22.233745336532593]","[1142003.3346837473, 624296.2429081945, 302825.9999402975, 114779.92030567686, 42671.92443221313, 35903.823848141335, 35901.69657358228, 35905.34241895384, 35910.42310263288]"
100,5,0.0001,30,181.00446,128.58199,-0.05862635374069214,21.987807585642887,"[21.596765995025635, 22.016379594802856, 22.48321795463562, 22.572462558746338, 21.72762417793274, 22.070908308029175, 22.080775499343872, 21.675358533859253, 22.47008466720581, 21.83950662612915, 22.503135681152344, 22.397762060165405, 21.978333473205566, 22.059747219085693, 21.56340742111206, 22.09031367301941, 21.50838589668274, 22.052640914916992, 21.93989586830139, 21.765676259994507, 22.098182678222656, 21.552972555160522, 21.90498161315918, 21.67811131477356, 22.03749370574951, 22.0188729763031]","[1409642.7988025383, 1261505.3888339247, 1124477.8087728575, 998257.4399819187, 882744.2491300491, 777876.593135917, 683550.0558559634, 599290.4133588632, 523609.329711381, 453972.7034192481, 389812.2041314138, 331043.46147269034, 277697.62301275926, 229739.8021394821, 187150.8821184583, 149971.51252899837, 118128.96346526167, 91641.3912870582, 70449.13840641205, 54529.53641373414, 43770.528399205105, 37946.03766415525, 36086.53523900727, 35904.38368784809, 35900.88569527838, 35901.07029291012]"
100,5,5e-05,30,380.66144,294.3439,-2.82871150970459,22.471453229586285,"[21.790595054626465, 22.789369106292725, 22.02945590019226, 22.307562589645386, 22.012364149093628, 22.0783269405365, 22.11991572380066, 23.270992517471313, 22.701383352279663, 22.483824968338013, 22.656888246536255, 21.897279739379883, 22.46345067024231, 22.401177406311035, 22.899921655654907, 22.905861139297485, 22.67052984237671, 22.290436029434204, 22.707136869430542, 22.727367877960205, 22.217679977416992, 22.14669394493103, 22.52121353149414, 22.60311007499695, 23.248226165771484, 22.60122299194336, 22.94081950187683, 21.897942781448364, 22.83014225959778, 21.932705879211426]","[1447918.476920715, 1370648.968135917, 1296453.2363195962, 1224945.4022499318, 1156148.08617631, 1090095.4285275654, 1026717.7695824236, 966061.8370974344, 908116.5125887009, 852882.4704728439, 800379.7248737719, 750523.8561851801, 703332.5380475573, 658821.4798120224, 616865.0619925286, 577241.2169759825, 539489.0000597026, 503243.03799638373, 468346.35403162526, 434813.13161844976, 402665.78993671533, 371849.3963393832, 342418.5948267774, 314329.7698915973, 287634.5417427163, 262266.4965457833, 238274.845336381, 215627.11216609238, 194354.18538056087, 174424.54252098117]"
100,5,1e-05,30,1011.5031,867.4225,-25.98738670349121,22.93280634880066,"[23.613877058029175, 23.103912115097046, 22.807226181030273, 24.188290119171143, 23.056219339370728, 22.859432458877563, 22.446845769882202, 22.914306163787842, 22.242509126663208, 22.718267917633057, 22.039941787719727, 23.024010181427002, 23.576423168182373, 23.082826137542725, 22.15630030632019, 22.611425399780273, 22.448763132095337, 23.27164578437805, 22.500338554382324, 22.205143213272095, 24.151399612426758, 22.527907848358154, 22.7630615234375, 22.60688853263855, 23.387089490890503, 22.510737657546997, 23.44535756111145, 22.94132089614868, 23.352606296539307, 23.43011713027954]","[1481325.188847571, 1464821.73046875, 1448997.481935726, 1433382.939819869, 1417800.7247031932, 1402319.2104769377, 1386964.8605349346, 1371754.0518388373, 1356616.246605486, 1341591.4686647106, 1326663.525876774, 1311853.6902121997, 1297149.2823246452, 1282587.3532341702, 1268098.5355485808, 1253738.592061272, 1239446.0621673716, 1225285.1718408843, 1211270.4684770743, 1197361.0859460288, 1183525.9087575055, 1169830.764038619, 1156219.1542030568, 1142729.115012623, 1129336.0966924808, 1116053.2809088428, 1102913.8943521425, 1089824.7962438592, 1076864.510030022, 1064063.7978814137]"
128,2,0.05,30,181.90984,128.02997,-0.07053500413894653,20.50243287086487,"[20.7323100566864, 20.4531409740448, 20.417025804519653, 20.724668979644775, 20.18501853942871]","[54645.876798404875, 36005.626488564834, 36008.347746869884, 35996.72452421896, 36007.43407270273]"
128,2,0.01,30,181.39778,128.1456,-0.06326568126678467,19.91100082397461,"[20.21799373626709, 20.21206307411194, 19.551666259765625, 19.960006952285767, 19.613274097442627]","[128893.88092787298, 35922.3264234118, 35925.11941968093, 35919.46034753791, 35929.97836863422]"
128,2,0.005,30,181.132,128.03816,-0.058893442153930664,19.57465491294861,"[20.466676950454712, 19.584084510803223, 19.09972357749939, 19.292526245117188, 19.43026328086853]","[218600.2368342637, 35913.47764220925, 35920.24245536171, 35912.78888872305, 35907.70417519115]"
128,2,0.001,30,56.747147,40.294716,0.8838193416595459,19.095350853602092,"[19.15779209136963, 18.98734402656555, 18.819390058517456, 19.43244695663452, 19.46144986152649, 19.200626611709595, 19.071905851364136, 19.055534839630127, 19.222313165664673, 18.861181020736694, 18.831209182739258, 19.505845069885254, 19.202155113220215, 19.189265727996826, 18.871559619903564, 19.219250202178955, 19.087679862976074, 18.82577633857727, 19.007622480392456, 19.332653284072876, 19.220046281814575, 19.13559651374817, 18.648170709609985, 19.13825297355652, 19.105128288269043, 18.912051677703857, 18.960333347320557, 19.092334270477295, 18.86786723136902, 19.437742948532104]","[783396.5712336245, 124989.24592423752, 29248.561362587207, 15741.197525374233, 9486.812837609037, 3421.1256440924767, 2016.1975512004835, 1521.8548264545125, 1286.5102470660313, 1129.291725356506, 1193.4623833972814, 1079.6375572004692, 1156.3912402500753, 1157.6469269767078, 4961.386727487156, 3823.621591946964, 3463.3033199976626, 2484.713776605098, 5211.352221605559, 4434.048801509574, 2617.3432242755807, 2846.828067084067, 2821.8736591172533, 3505.425904486377, 3244.19495363527, 2986.977461773235, 2987.5075415149004, 2750.258419203446, 2847.159328812595, 2490.049490537185]"
128,2,0.0005,30,181.12265,128.26663,-0.05938142538070679,19.171303302049637,"[18.831897735595703, 18.73923373222351, 19.818838119506836, 19.0236554145813, 19.04744863510132, 19.201863288879395, 19.295950412750244, 19.41153907775879]","[1062551.063105554, 480076.3299608522, 167892.2327656975, 47516.20331423564, 35906.944860599964, 35906.12969690848, 35904.41795848863, 35901.709550416104]"
128,2,0.0001,30,180.94264,128.58493,-0.05766093730926514,19.06856282190843,"[19.043965816497803, 19.16157293319702, 19.121967792510986, 18.98365592956543, 19.388787031173706, 18.643020629882812, 19.013729572296143, 19.285003185272217, 19.236042261123657, 18.95083236694336, 19.403534412384033, 18.713348150253296, 18.929189682006836, 18.76300311088562, 19.009629249572754, 19.072752952575684, 19.203314304351807, 19.302491188049316, 19.228790760040283, 18.883338928222656, 19.32259774208069, 18.847814083099365]","[1388724.6318913756, 1203871.4771424672, 1036878.4595472844, 887334.1494097981, 755085.1774102757, 639636.7519616539, 539395.1391367017, 450095.1069698417, 369776.8296388851, 298230.3251100232, 235407.26860799332, 181405.506913764, 136104.7858577545, 99472.65919834454, 71434.08169009279, 51874.784152768065, 40540.49383931389, 36372.77862895316, 35907.39800945432, 35905.693793151055, 35905.00193859917, 35905.284127447805]"
128,2,5e-05,30,218.18318,182.22006,-0.425260066986084,19.420547103881837,"[19.11637282371521, 19.010716438293457, 19.17072319984436, 19.398974180221558, 19.25718331336975, 18.93492364883423, 19.25126600265503, 18.747638702392578, 19.124221801757812, 19.07433032989502, 19.206737756729126, 19.084646940231323, 19.15516686439514, 19.527961015701294, 20.124398469924927, 19.35008931159973, 19.949914693832397, 19.52060317993164, 19.505346298217773, 19.779322385787964, 19.304805278778076, 19.730820417404175, 19.79301691055298, 19.489490509033203, 19.89711093902588, 19.794941425323486, 19.45783567428589, 19.68426275253296, 19.38075065612793, 19.79284119606018]","[1436739.1101255459, 1339215.0296977346, 1246466.8647311681, 1158126.575933065, 1074222.539190434, 994720.6941610944, 919621.490711995, 848931.7204301993, 782626.712634757, 720644.4311374181, 663000.7671090339, 609527.6253155704, 559713.7530490925, 512718.4457517399, 467979.30957884144, 425508.92203704966, 385230.4830572803, 347167.49197001226, 311294.59013586584, 277688.08438736695, 246256.6530175355, 217064.783844927, 190090.93167687295, 165288.3857229974, 142715.11866940162, 122346.94236149018, 104154.72819419095, 88170.20883991625, 74382.11694868996, 62746.43062141785]"
128,2,1e-05,30,958.9924,805.89636,-22.988061904907227,19.558379944165548,"[19.331053256988525, 19.42357850074768, 19.804493188858032, 19.280601024627686, 19.736273765563965, 19.35946249961853, 19.23981738090515, 19.734461545944214, 19.311420679092407, 19.606136322021484, 19.451716899871826, 19.399091958999634, 19.955918312072754, 19.265607595443726, 19.57378911972046, 19.889633655548096, 19.268078565597534, 19.755380868911743, 19.122498750686646, 19.505560874938965, 19.948146104812622, 19.648115634918213, 19.998245239257812, 19.456865549087524, 19.35445547103882, 19.94546413421631, 19.300577878952026, 19.66857147216797, 19.74593687057495, 19.670445203781128]","[1478119.0398301037, 1457083.2149972708, 1437030.6449918123, 1417143.916280022, 1397430.3732089247, 1377920.215816048, 1358513.3576180404, 1339367.028571916, 1320312.2166177675, 1301521.16772994, 1282877.0078807315, 1264382.3599379093, 1246083.6737940093, 1227994.0599583788, 1210044.2720728712, 1192326.9873515966, 1174723.7986404886, 1157341.2405243586, 1140128.370727006, 1123089.6905789438, 1106195.9129452102, 1089514.0534849209, 1073014.5274460972, 1056691.919435726, 1040552.4713257368, 1024567.0474976118, 1008767.7908024017, 993145.0260814683, 977699.6847536844, 962414.6563267604]"
128,3,0.05,30,185.93947,124.541885,-0.11523503065109253,20.30039954185486,"[20.975076913833618, 19.90823006629944, 20.52973747253418, 20.101930141448975, 19.98702311515808]","[54706.87356047651, 36007.16466312325, 36008.295712800005, 35997.228521488636, 36007.91573763519]"
128,3,0.01,30,180.4685,128.37888,-0.04972076416015625,20.459892129898073,"[20.990302324295044, 20.154784440994263, 20.773430347442627, 20.298505783081055, 20.082437753677368]","[128629.92752608254, 35923.670662292745, 35921.437334885246, 35924.631886311494, 35929.39045255569]"
128,3,0.005,30,181.5202,127.68718,-0.0636337399482727,20.551693630218505,"[20.801270961761475, 20.031181812286377, 20.773436307907104, 20.524590492248535, 20.627988576889038]","[218076.76196395673, 35916.970133552386, 35911.8524973507, 35914.320800514724, 35916.65938278265]"
128,3,0.001,30,180.77339,128.85529,-0.05584609508514404,20.589793920516968,"[20.81462001800537, 20.350900173187256, 20.895238161087036, 20.197895288467407, 20.678792715072632, 20.601317167282104]","[783532.8358074338, 125139.20356024196, 36054.53838844799, 35891.515715619884, 36103.183388522615, 35910.84148117132]"
128,3,0.0005,30,180.9616,128.79082,-0.058612704277038574,20.57428550720215,"[20.376421689987183, 20.909973859786987, 20.679613828659058, 20.894797325134277, 20.21823740005493, 20.234394073486328, 20.8781521320343, 20.40269374847412]","[1062249.2868279202, 480184.9594364083, 167841.4609033843, 47500.281420711864, 35903.38178549687, 35901.970023809045, 35902.04397529702, 35908.8096890512]"
128,3,0.0001,30,181.1384,128.41974,-0.06020629405975342,20.510440252043985,"[21.139999389648438, 20.042537927627563, 20.330849170684814, 20.73765516281128, 19.853630304336548, 21.12914514541626, 20.31248927116394, 20.4138765335083, 20.831735134124756, 19.76697015762329, 20.612112045288086, 20.2764093875885, 20.23985266685486, 20.753697395324707, 20.215391635894775, 21.10560178756714, 20.34769082069397, 20.903038024902344, 20.832385063171387, 20.082217693328857, 21.28226089477539, 20.020139932632446]","[1388902.4421738537, 1204079.2194152565, 1037107.3274170988, 887566.5887520469, 755249.6253240993, 639824.7763799808, 539565.4150689137, 450306.7360210835, 369920.7187329421, 298329.1717300082, 235528.30141452307, 181507.21083728506, 136180.52879153588, 99522.44686316611, 71483.49957995019, 51903.15081760457, 40539.703784392914, 36372.87212135282, 35914.543755943596, 35903.580790423934, 35901.90621774998, 35901.15070046504]"
128,3,5e-05,30,218.18991,182.24161,-0.42505085468292236,20.6122136592865,"[20.99651575088501, 20.168704509735107, 20.617230653762817, 20.833237886428833, 20.07401156425476, 20.49059820175171, 20.687866926193237, 20.25257396697998, 21.24504828453064, 20.12030792236328, 20.854514122009277, 20.24527668952942, 19.823501586914062, 21.291912317276, 20.167169094085693, 20.635812997817993, 20.58894681930542, 20.417113304138184, 21.276288270950317, 20.135928630828857, 20.370249032974243, 20.838889122009277, 20.135929584503174, 21.26066756248474, 20.04219913482666, 20.838887929916382, 21.182558298110962, 20.651431560516357, 21.44812035560608, 20.674917697906494]","[1436641.3096001637, 1339147.5788073144, 1246406.0454762555, 1158061.2460511054, 1074194.5007676037, 994699.6428169351, 919616.8603899427, 848943.21922762, 782628.4184975437, 720708.1399085699, 663073.0179064889, 609612.9464894923, 559807.8346368382, 512777.7733991198, 468070.4978464451, 425573.5265377661, 385288.4051156523, 347226.95614424127, 311387.4782853439, 277752.274748823, 246322.6783783092, 217106.375091686, 190124.71169444255, 165330.12330380903, 142750.0335847946, 122368.0300964622, 104184.02165815195, 88192.15913171227, 74394.70500882744, 62775.960267445924]"
128,3,1e-05,30,958.99164,805.6144,-22.983076095581055,20.98260231812795,"[21.010722160339355, 20.854509353637695, 20.463974237442017, 21.463741779327393, 20.745160818099976, 21.104450941085815, 20.745166063308716, 20.604565143585205, 21.260659217834473, 20.635809898376465, 21.51060390472412, 20.807642459869385, 20.83888602256775, 21.448118448257446, 20.71391463279724, 21.619954347610474, 20.620185613632202, 20.932613134384155, 21.276284217834473, 20.667049407958984, 21.385635137557983, 20.760777950286865, 21.026341438293457, 21.166934490203857, 20.760776042938232, 21.510605096817017, 20.760773181915283, 21.245039224624634, 20.948233366012573, 20.58894181251526]","[1477926.6765317959, 1456991.830206059, 1436922.6912527292, 1417025.3664028384, 1397304.9331502456, 1377787.6973423853, 1358419.1299126637, 1339227.069800764, 1320275.234511463, 1301440.3961858624, 1282778.92283024, 1264329.92163619, 1246062.418702238, 1227935.6399597435, 1210027.1130765558, 1192261.3208583514, 1174681.7256243178, 1157300.6481304585, 1140097.866462541, 1123069.0848884415, 1106200.106449577, 1089511.3461466294, 1072992.4271458788, 1056685.3891750819, 1040538.1721052811, 1024582.388057792, 1008774.8699679312, 993168.6584163483, 977716.4029407752, 962456.6728643558]"
128,4,0.05,30,180.83444,129.79514,-0.059344470500946045,21.919867515563965,"[22.08852481842041, 21.744921684265137, 22.338533639907837, 21.74492120742798, 21.682436227798462]","[54721.727509877564, 36002.45680949782, 36010.01644244465, 36018.13634294402, 36005.76775869844]"
128,4,0.01,30,181.55199,126.94797,-0.06132930517196655,21.62307415008545,"[21.307523012161255, 21.291903972625732, 21.86989164352417, 21.229478359222412, 22.416573762893677]","[128414.11462722179, 35921.79144933442, 35920.533021218915, 35921.93708901218, 35921.782259812004]"
128,4,0.005,30,181.36258,128.9143,-0.06502878665924072,21.569961071014404,"[21.541849613189697, 21.47934865951538, 21.77616262435913, 21.54184079170227, 21.510603666305542]","[217844.02003205812, 35912.15609381397, 35912.606798463516, 35919.855105337614, 35910.503840217425]"
128,4,0.001,30,180.89853,128.67549,-0.057239651679992676,21.674623767534893,"[21.63556957244873, 22.057349920272827, 21.541839122772217, 21.682434797286987, 21.60432744026184, 21.526221752166748]","[782946.618140608, 124935.55402997279, 36044.0882468411, 35903.283650893834, 35913.11789127, 35903.46828237475]"
128,4,0.0005,30,180.97722,128.28821,-0.05728507041931152,21.597452580928802,"[21.77616238594055, 21.370007276535034, 21.479357481002808, 21.62743330001831, 21.666813135147095, 21.541844844818115, 21.635568380355835, 21.68243384361267]","[1062362.763305131, 480163.8709956673, 167972.26255298598, 47505.468117793054, 35904.96620757924, 35906.20099716519, 35905.3887530331, 35901.78070681376]"
128,4,0.0001,30,181.04596,128.617,-0.059420645236968994,21.558171814138237,"[21.60432457923889, 21.698055505752563, 21.22941756248474, 21.370006561279297, 21.90113139152527, 21.494978666305542, 21.557462692260742, 21.401246070861816, 21.370007514953613, 21.869887113571167, 21.90113139152527, 21.291897296905518, 22.119831085205078, 21.370004177093506, 21.61994743347168, 21.698053121566772, 21.40125036239624, 21.58870244026184, 21.26065492630005, 21.40124821662903, 21.463731050491333, 21.666810750961304]","[1388500.7430062774, 1203729.20105247, 1036757.1353370633, 887201.5622697189, 754935.4819271971, 639515.7190826283, 539268.0565596002, 450017.27270827646, 369646.58640019444, 298119.7557165154, 235331.57882224003, 181315.31469833173, 136029.87197436203, 99398.73745021237, 71395.22686954148, 51843.51728041203, 40498.49521953466, 36373.22825989036, 35908.65669656945, 35901.34500002132, 35901.594086759476, 35901.018878387054]"
128,4,5e-05,30,218.41411,182.41875,-0.42744362354278564,21.566560435295106,"[21.307517766952515, 21.526217222213745, 21.588701248168945, 21.401245832443237, 21.5418381690979, 21.57308030128479, 21.635568857192993, 21.526214122772217, 21.432487964630127, 21.96361470222473, 21.354381561279297, 21.63556694984436, 21.432485103607178, 21.713669776916504, 21.79177761077881, 21.276273012161255, 21.54183578491211, 21.744913339614868, 21.41686511039734, 21.776155948638916, 21.698049545288086, 21.58869957923889, 21.979233026504517, 21.479350566864014, 21.354379415512085, 21.385621070861816, 21.510591506958008, 21.666805028915405, 21.682424545288086, 21.471248388290405]","[1437134.7256413756, 1339645.0709436408, 1246925.323109989, 1158594.7584521698, 1074714.5999334743, 995213.978515625, 920166.0233436818, 849490.4650057997, 783210.4263185726, 721280.8132676037, 663634.5979718204, 610179.6075583379, 560382.4670655363, 513320.6174007233, 468599.13579336106, 426044.23639209196, 385752.49427282345, 347666.2694715475, 311813.301973168, 278117.2100195739, 246679.7961948178, 217456.19843408844, 190421.85659350266, 165626.99971961143, 142995.24394019516, 122600.7276243518, 104394.40919781147, 88372.43755117359, 74550.21658311869, 62905.44317973441]"
128,4,1e-05,30,959.0628,805.6881,-22.987253189086914,21.519442486763,"[21.869881868362427, 21.526211261749268, 21.49498414993286, 21.885488510131836, 21.573076963424683, 21.823017358779907, 21.46372652053833, 21.401241540908813, 21.38561987876892, 21.385621309280396, 21.33875608444214, 21.21378493309021, 21.448172092437744, 21.229339599609375, 21.291957139968872, 21.47928476333618, 21.182542085647583, 21.807395935058594, 22.151066064834595, 21.541833877563477, 21.61993980407715, 21.245028257369995, 21.885504007339478, 21.22940468788147, 21.385618686676025, 21.79177165031433, 21.198161363601685, 21.994850635528564, 21.3543758392334, 21.38561773300171]","[1478014.8039369541, 1457128.7393388373, 1437085.5648539846, 1417230.529783024, 1397490.7463837336, 1377964.606816321, 1358607.6053152292, 1339416.932109716, 1320427.4048512555, 1301582.8118347435, 1282969.8643217795, 1264493.9269753003, 1246210.9804005185, 1228099.5494677948, 1210180.8569783706, 1192408.8121844295, 1174845.698237923, 1157481.9338496178, 1140235.4852961244, 1123201.0698689956, 1106343.6914318367, 1089656.3853967658, 1073169.2889601528, 1056848.6316269787, 1040694.4163141375, 1024732.2900347981, 1008926.0204950192, 993313.5374931769, 977862.8952050355, 962602.4127831605]"
128,5,0.05,30,180.29591,129.34964,-0.04990309476852417,22.782152795791625,"[22.416560649871826, 22.494733095169067, 23.05710196495056, 22.650945901870728, 23.291422367095947]","[54727.5572776961, 36004.44755680801, 36014.248137494884, 36001.786345002954, 36003.48996704635]"
128,5,0.01,30,180.13206,128.8492,-0.04598724842071533,22.638447952270507,"[22.182305335998535, 22.978994369506836, 22.369759798049927, 22.807158708572388, 22.854021549224854]","[128429.41905918704, 35925.185906156185, 35928.358197741116, 35927.16437380595, 35927.35033166877]"
128,5,0.005,30,180.90141,129.07407,-0.05854177474975586,22.63844738006592,"[22.80715775489807, 22.76029396057129, 22.322896480560303, 23.041477918624878, 22.26041078567505]","[217762.2394215946, 35918.16512102019, 35918.24173146877, 35918.911896684804, 35918.18900848788]"
128,5,0.001,30,181.25838,127.91063,-0.06037461757659912,22.794139901796978,"[23.010233163833618, 22.588459491729736, 23.025856256484985, 22.791536331176758, 22.401004314422607, 22.947749853134155]","[782670.144347878, 124935.00421782248, 36046.46908009625, 35906.05144037638, 35904.97110651674, 35908.68755104032]"
128,5,0.0005,30,180.90096,128.6878,-0.05732321739196777,22.75148582458496,"[22.4791100025177, 23.03349757194519, 22.557217121124268, 22.80715823173523, 23.13520574569702, 22.213547229766846, 23.244553327560425, 22.541597366333008]","[1062525.661265011, 480495.9368496691, 168025.95964749932, 47500.2428330334, 35903.90905575149, 35904.33479835477, 35902.02904873644, 35902.539219085826]"
128,5,0.0001,30,181.00479,128.59218,-0.05867832899093628,22.68147488073869,"[22.775853157043457, 22.182305335998535, 22.854082584381104, 22.838336944580078, 22.307339906692505, 22.99454379081726, 22.27603054046631, 22.978994846343994, 22.604074239730835, 22.666563272476196, 22.885262489318848, 22.182302236557007, 22.916506052017212, 22.479106903076172, 22.760292291641235, 22.697805404663086, 22.43224310874939, 22.978987455368042, 22.44786262512207, 22.947744846343994, 22.83839726448059, 22.9478120803833]","[1387941.1567787938, 1203267.7401576147, 1036449.7396544077, 887036.7755185589, 754880.1839093204, 639562.0443333788, 539402.9249624728, 450130.67082167714, 369795.78036938794, 298205.9567306052, 235428.66366164028, 181392.19566325226, 136082.96758153656, 99448.58088624114, 71441.78422339827, 51896.59334887376, 40518.14298258286, 36372.11118113422, 35914.695085150706, 35905.24540450583, 35908.566417177695, 35901.85024811191]"
128,5,5e-05,30,218.18817,182.22113,-0.4253312349319458,22.65848128795624,"[22.572833776474, 22.52596950531006, 22.900880098342896, 22.66656255722046, 22.994608879089355, 22.713424921035767, 22.760293006896973, 22.760285139083862, 22.650940656661987, 22.885260105133057, 22.463483572006226, 22.682182788848877, 22.604076623916626, 22.604076147079468, 22.65093970298767, 22.72904658317566, 22.60407590866089, 22.82277488708496, 22.80715274810791, 22.494726419448853, 22.86963939666748, 22.354132652282715, 22.994606256484985, 22.2447829246521, 23.033411264419556, 22.77590775489807, 21.99484157562256, 23.041470766067505, 22.36975336074829, 22.18229866027832]","[1436462.6855383462, 1339010.3615072325, 1246256.6316184497, 1157946.4811084198, 1074057.2404390692, 994583.3646032342, 919496.8096598663, 848849.287851392, 782556.0671056223, 720598.6767364902, 662996.5909354531, 609542.9650484443, 559758.0001407274, 512732.5986200191, 468032.61827067414, 425511.15995155566, 385246.5682357055, 347185.240839929, 311328.1053301549, 277709.1665849311, 246311.35412117903, 217096.3597289506, 190096.05655320347, 165311.9619343187, 142729.43564175934, 122335.65383204831, 104165.57264409628, 88180.8304917781, 74376.35762283791, 62754.329965116674]"
128,5,1e-05,30,959.0153,805.6822,-22.98531723022461,22.560853775342306,"[22.760287523269653, 21.776142120361328, 23.338342428207397, 22.01048183441162, 23.181978702545166, 22.08856964111328, 22.16667604446411, 23.150820016860962, 21.994842767715454, 23.08833384513855, 22.33851146697998, 22.69780468940735, 22.182295560836792, 21.869869709014893, 23.19768524169922, 21.994840621948242, 23.400763034820557, 22.30726647377014, 22.52596664428711, 22.68217635154724, 21.807383060455322, 23.47886610031128, 22.08856725692749, 23.072711944580078, 22.54158616065979, 22.400994062423706, 23.010225296020508, 21.823005437850952, 23.494490385055542, 22.35412883758545]","[1477899.3384620633, 1457069.3583344705, 1436978.7154748908, 1417105.001091703, 1397378.3574986353, 1377850.0307041486, 1358497.7567890284, 1339324.1330854257, 1320311.6732908024, 1301509.0862104257, 1282856.2050525383, 1264361.6504844432, 1246107.2475863127, 1228008.5281539983, 1210062.2394923582, 1192339.855093477, 1174741.7613264192, 1157344.842649768, 1140128.9427708788, 1123085.1465611353, 1106255.1869712062, 1089568.3950685726, 1073065.8180693914, 1056735.9639140966, 1040558.6458361764, 1024646.2603029476, 1008846.4705240175, 993228.951538619, 977760.4121179039, 962479.1885234716]"
